Date,Rainfall (mm/day),seasonal,WL
1/1/2020,0,0.132030148,0.449162179
1/2/2020,0,0.132030148,0.442385175
1/3/2020,0,0.132030148,0.435909321
1/4/2020,0,0.132030148,0.429727771
1/5/2020,0.254,0.132030148,0.423833683
1/6/2020,0,0.132030148,0.418220211
1/7/2020,0,0.132030148,0.412880511
1/8/2020,0,0.132030148,0.40780774
1/9/2020,0,0.132030148,0.402995052
1/10/2020,0,0.132030148,0.398435603
1/11/2020,0,0.132030148,0.394122549
1/12/2020,0,0.132030148,0.390049046
1/13/2020,0,0.132030148,0.38620825
1/14/2020,0,0.132030148,0.382593315
1/15/2020,0,0.132030148,0.379197399
1/16/2020,0,0.132030148,0.376013656
1/17/2020,0,0.132030148,0.373035242
1/18/2020,0,0.132030148,0.370255313
1/19/2020,0,0.132030148,0.367667024
1/20/2020,0,0.132030148,0.365263532
1/21/2020,0,0.132030148,0.363037992
1/22/2020,0,0.132030148,0.360983559
1/23/2020,0.865481481,0.132030148,0.35909339
1/24/2020,0,0.132030148,0.35736064
1/25/2020,0,0.132030148,0.355778464
1/26/2020,0,0.132030148,0.354340019
1/27/2020,0,0.132030148,0.35303846
1/28/2020,0,0.132030148,0.351866943
1/29/2020,0,0.132030148,0.350818623
1/30/2020,0,0.132030148,0.349886657
1/31/2020,0,0.132030148,0.3490642
2/1/2020,5.503333333,0.13218506,0.348344407
2/2/2020,19.79671296,0.132642746,0.347720434
2/3/2020,4.891851852,0.133392635,0.347185438
2/4/2020,0,0.134424156,0.346732573
2/5/2020,0,0.135726736,0.346354995
2/6/2020,0,0.137289803,0.346045861
2/7/2020,0,0.139102786,0.345798325
2/8/2020,0,0.141155113,0.345605544
2/9/2020,0.382175926,0.143436211,0.345460672
2/10/2020,0,0.14593551,0.345356867
2/11/2020,0,0.148642436,0.345287283
2/12/2020,0,0.151546419,0.345245077
2/13/2020,0,0.154636887,0.345223403
2/14/2020,0,0.157903267,0.345215418
2/15/2020,0,0.161334987,0.345214277
2/16/2020,2.369490741,0.164921477,0.346548464
2/17/2020,10.033,0.168652163,0.350425453
2/18/2020,0,0.172516475,0.356656889
2/19/2020,0,0.176503839,0.365054416
2/20/2020,0,0.180603686,0.375429678
2/21/2020,0,0.184805441,0.38759432
2/22/2020,2.131953704,0.189098534,0.401359986
2/23/2020,0,0.193472394,0.41653832
2/24/2020,0,0.197916447,0.432940966
2/25/2020,0,0.202420122,0.450379569
2/26/2020,0,0.206972847,0.468665773
2/27/2020,0,0.21156405,0.487611221
2/28/2020,0,0.21618316,0.50702756
2/29/2020,0,0.220819605,0.526726431
3/1/2020,0,0.2258728,0.546519481
3/2/2020,0,0.231716624,0.566218353
3/3/2020,0,0.238302202,0.585634691
3/4/2020,0,0.24558066,0.60458014
3/5/2020,0,0.253503122,0.622866343
3/6/2020,0,0.262020714,0.640304946
3/7/2020,0,0.271084559,0.656707592
3/8/2020,0,0.280645784,0.671885926
3/9/2020,12.7,0.290655512,0.685651592
3/10/2020,0,0.301064869,0.697816234
3/11/2020,0,0.31182498,0.708191496
3/12/2020,0,0.32288697,0.716589023
3/13/2020,0,0.334201962,0.722820459
3/14/2020,1.524,0.345721084,0.726697448
3/15/2020,0,0.357395458,0.728031635
3/16/2020,0,0.369176211,0.727828177
3/17/2020,0,0.381014466,0.727232122
3/18/2020,38.608,0.39286135,0.726264944
3/19/2020,22.352,0.404667987,0.724948122
3/20/2020,0,0.416385501,0.723303131
3/21/2020,0,0.427965018,0.721351448
3/22/2020,2.794,0.439357662,0.719114549
3/23/2020,0,0.450514559,0.71661391
3/24/2020,0,0.461386834,0.713871009
3/25/2020,0,0.47192561,0.71090732
3/26/2020,0,0.482082014,0.707744321
3/27/2020,1.016,0.49180717,0.704403489
3/28/2020,8.128,0.501052202,0.700906298
3/29/2020,0,0.509768237,0.697274227
3/30/2020,0,0.517906398,0.693528751
3/31/2020,0,0.525417811,0.689691346
4/1/2020,4.064,0.532451992,0.68578349
4/2/2020,0,0.539204455,0.681826658
4/3/2020,6.35,0.545695318,0.677842327
4/4/2020,0,0.551944701,0.673851973
4/5/2020,0,0.557972722,0.669877073
4/6/2020,0.254,0.563799501,0.665939103
4/7/2020,0,0.569445157,0.662059539
4/8/2020,0,0.574929809,0.658259858
4/9/2020,0,0.580273577,0.654561537
4/10/2020,0,0.585496579,0.650986051
4/11/2020,1.016,0.590618934,0.647554877
4/12/2020,23.368,0.595660762,0.644289492
4/13/2020,0,0.600642182,0.641211371
4/14/2020,0,0.605583313,0.638341992
4/15/2020,0,0.610504274,0.63570283
4/16/2020,6.35,0.615425185,0.633137539
4/17/2020,2.54,0.620366163,0.630483667
4/18/2020,0,0.62534733,0.627753534
4/19/2020,0,0.630388803,0.624959461
4/20/2020,0.254,0.635510702,0.622113766
4/21/2020,0,0.640733146,0.619228769
4/22/2020,0,0.646076254,0.616316791
4/23/2020,0,0.651560145,0.613390151
4/24/2020,0,0.657204938,0.610461169
4/25/2020,0,0.663030754,0.607542165
4/26/2020,0,0.66905771,0.604645458
4/27/2020,0,0.675305925,0.601783369
4/28/2020,1.016,0.68179552,0.598968216
4/29/2020,0,0.688546613,0.596212321
4/30/2020,0,0.695579323,0.593528002
5/1/2020,0,0.703233667,0.590927579
5/2/2020,0.508,0.711784387,0.588423373
5/3/2020,0,0.72115369,0.586027703
5/4/2020,5.588,0.731263783,0.583752889
5/5/2020,6.858,0.742036874,0.58161125
5/6/2020,0,0.753395169,0.579615107
5/7/2020,1.016,0.765260876,0.577776779
5/8/2020,0,0.777556202,0.576108587
5/9/2020,0,0.790203354,0.574622849
5/10/2020,0,0.803124539,0.573331885
5/11/2020,0,0.816241964,0.572248016
5/12/2020,0,0.829477838,0.571383561
5/13/2020,3.556,0.842754365,0.570750841
5/14/2020,22.606,0.855993755,0.570362174
5/15/2020,0,0.869118214,0.57022988
5/16/2020,0,0.882049949,0.570384823
5/17/2020,18.542,0.894711168,0.57083603
5/18/2020,0.254,0.907024077,0.571563069
5/19/2020,0,0.918910884,0.572545508
5/20/2020,0.254,0.930293795,0.573762915
5/21/2020,0,0.941095019,0.575194859
5/22/2020,0,0.951236762,0.576820906
5/23/2020,8.382,0.960641232,0.578620625
5/24/2020,29.464,0.969230635,0.580573585
5/25/2020,30.48,0.976927179,0.582659353
5/26/2020,8.636,0.983653071,0.584857496
5/27/2020,0,0.989330518,0.587147584
5/28/2020,5.334,0.993881727,0.589509184
5/29/2020,0,0.997228906,0.591921864
5/30/2020,0,0.999294261,0.594365192
5/31/2020,0,1,0.596818735
6/1/2020,0.254,0.99887477,0.599262063
6/2/2020,0,0.995581364,0.601674743
6/3/2020,0,0.990243209,0.604036343
6/4/2020,0,0.982983734,0.60632643
6/5/2020,18.288,0.973926364,0.608524574
6/6/2020,0,0.963194528,0.610610342
6/7/2020,0,0.950911652,0.612563301
6/8/2020,0,0.937201164,0.614363021
6/9/2020,18.034,0.922186491,0.615989068
6/10/2020,34.798,0.905991061,0.617421012
6/11/2020,0,0.8887383,0.618638419
6/12/2020,0,0.870551635,0.619620858
6/13/2020,0,0.851554495,0.620347897
6/14/2020,0,0.831870306,0.620799104
6/15/2020,0,0.811622495,0.620954047
6/16/2020,0,0.79093449,0.620027647
6/17/2020,0,0.769929718,0.617321415
6/18/2020,1.016,0.748731606,0.612944803
6/19/2020,0.508,0.727463582,0.607007261
6/20/2020,0,0.706249072,0.599618243
6/21/2020,3.81,0.685211505,0.590887199
6/22/2020,41.91,0.664474306,0.58092358
6/23/2020,0,0.644160904,0.569836839
6/24/2020,0,0.624394726,0.557736427
6/25/2020,0,0.605299198,0.544731796
6/26/2020,18.796,0.586997749,0.530932396
6/27/2020,5.588,0.569613805,0.51644768
6/28/2020,1.524,0.553270794,0.5013871
6/29/2020,0,0.538092143,0.485860106
6/30/2020,0,0.524201279,0.46997615
7/1/2020,0.254,0.51099831,0.453844684
7/2/2020,0,0.497808897,0.43757516
7/3/2020,0,0.484644797,0.421277029
7/4/2020,0,0.471517767,0.405059742
7/5/2020,0,0.458439564,0.389032751
7/6/2020,0,0.445421945,0.373305508
7/7/2020,0,0.432476666,0.357987465
7/8/2020,0,0.419615484,0.343188072
7/9/2020,2.286,0.406850156,0.329016781
7/10/2020,0,0.39419244,0.315583045
7/11/2020,9.144,0.381654091,0.302996314
7/12/2020,0,0.369246867,0.29136604
7/13/2020,0,0.356982524,0.280801674
7/14/2020,18.796,0.34487282,0.271412669
7/15/2020,1.524,0.332929511,0.263308476
7/16/2020,0,0.321164354,0.255918655
7/17/2020,0,0.309589106,0.248603886
7/18/2020,0.254,0.298215524,0.241370296
7/19/2020,0,0.287055364,0.234224012
7/20/2020,0.762,0.276120384,0.227171161
7/21/2020,5.08,0.26542234,0.220217869
7/22/2020,0,0.254972989,0.213370266
7/23/2020,0,0.244784089,0.206634476
7/24/2020,0,0.234867395,0.200016629
7/25/2020,0,0.225234664,0.19352285
7/26/2020,13.208,0.215897655,0.187159267
7/27/2020,0,0.206868122,0.180932008
7/28/2020,0,0.198157824,0.174847199
7/29/2020,0,0.189778517,0.168910968
7/30/2020,0,0.181741958,0.163129441
7/31/2020,0,0.174059903,0.157508747
8/1/2020,0,0.166503457,0.152055011
8/2/2020,0,0.158851405,0.146774362
8/3/2020,0,0.151127028,0.141672927
8/4/2020,0,0.143353606,0.136756832
8/5/2020,0,0.135554421,0.132032204
8/6/2020,10.414,0.127752752,0.127505172
8/7/2020,0,0.119971881,0.123181862
8/8/2020,0,0.112235089,0.119068402
8/9/2020,0,0.104565655,0.115170918
8/10/2020,15.494,0.09698686,0.111495538
8/11/2020,0,0.089521986,0.108048388
8/12/2020,0,0.082194313,0.104835597
8/13/2020,0,0.075027122,0.101863291
8/14/2020,0,0.068043693,0.099137597
8/15/2020,8.636,0.061267306,0.096664643
8/16/2020,0,0.054721244,0.094362333
8/17/2020,0,0.048428786,0.092142491
8/18/2020,0,0.042413212,0.090002125
8/19/2020,0,0.036697805,0.087938241
8/20/2020,0,0.031305843,0.085947848
8/21/2020,0,0.026260609,0.084027953
8/22/2020,0,0.021585382,0.082175563
8/23/2020,0,0.017303444,0.080387686
8/24/2020,0,0.013438075,0.07866133
8/25/2020,0,0.010012555,0.076993501
8/26/2020,0,0.007050166,0.075381208
8/27/2020,0,0.004574188,0.073821457
8/28/2020,0,0.002607902,0.072311257
8/29/2020,0,0.001174588,0.070847614
8/30/2020,0,0.000297527,0.069427537
8/31/2020,0,0,0.068048032
9/1/2020,2.54,0.000100301,0.066706107
9/2/2020,0,0.000392086,0.06539877
9/3/2020,0,0.000861678,0.064123028
9/4/2020,0,0.001495398,0.062875888
9/5/2020,0,0.00227957,0.061654359
9/6/2020,0,0.003200517,0.060455446
9/7/2020,6.604,0.00424456,0.059276159
9/8/2020,34.798,0.005398022,0.058113504
9/9/2020,11.684,0.006647227,0.056964489
9/10/2020,13.97,0.007978496,0.055826121
9/11/2020,23.622,0.009378152,0.054695408
9/12/2020,0,0.010832518,0.053569357
9/13/2020,0,0.012327916,0.052444976
9/14/2020,0,0.013850669,0.051319272
9/15/2020,0,0.015387099,0.050189253
9/16/2020,0,0.01692353,0.049041117
9/17/2020,0,0.018446283,0.047866138
9/18/2020,0,0.019941681,0.046668929
9/19/2020,0,0.021396047,0.045454108
9/20/2020,0,0.022795703,0.044226288
9/21/2020,0,0.024126972,0.042990086
9/22/2020,0,0.025376176,0.041750117
9/23/2020,0,0.026529639,0.040510997
9/24/2020,0,0.027573682,0.03927734
9/25/2020,0,0.028494628,0.038053764
9/26/2020,0,0.029278801,0.036844882
9/27/2020,6.858,0.029912521,0.035655311
9/28/2020,0.508,0.030382113,0.034489665
9/29/2020,0,0.030673898,0.033352562
9/30/2020,0,0.030774199,0.032248615
10/1/2020,0,0.030742922,0.031182441
10/2/2020,0,0.030651843,0.030158655
10/3/2020,6.604,0.030505086,0.029181872
10/4/2020,0.254,0.030306774,0.028256708
10/5/2020,0,0.030061032,0.027387779
10/6/2020,0,0.029771985,0.026579699
10/7/2020,0,0.029443757,0.025837085
10/8/2020,0,0.029080472,0.025164552
10/9/2020,0,0.028686254,0.024566715
10/10/2020,0,0.028265228,0.024048191
10/11/2020,0,0.027821518,0.023613593
10/12/2020,0,0.027359249,0.023267538
10/13/2020,0,0.026882545,0.023014642
10/14/2020,0,0.02639553,0.02285952
10/15/2020,0,0.025902328,0.022806787
10/16/2020,0,0.025407064,0.022846933
10/17/2020,0,0.024913862,0.022963842
10/18/2020,4.064,0.024426847,0.023152221
10/19/2020,3.048,0.023950143,0.023406774
10/20/2020,0.762,0.023487873,0.023722209
10/21/2020,26.162,0.023044164,0.024093231
10/22/2020,52.832,0.022623138,0.024514546
10/23/2020,6.096,0.02222892,0.02498086
10/24/2020,0,0.021865635,0.02548688
10/25/2020,1.27,0.021537407,0.02602731
10/26/2020,0,0.021248359,0.026596857
10/27/2020,0,0.021002618,0.027190228
10/28/2020,0.762,0.020804306,0.027802127
10/29/2020,0,0.020657548,0.028427261
10/30/2020,0,0.020566469,0.029060337
10/31/2020,0,0.020535193,0.029696059
11/1/2020,0,0.020968797,0.030329135
11/2/2020,0,0.02223019,0.030954269
11/3/2020,0,0.024260245,0.031566169
11/4/2020,0,0.026999834,0.032159539
11/5/2020,0,0.030389829,0.032729087
11/6/2020,0,0.034371102,0.033269517
11/7/2020,0,0.038884525,0.033775536
11/8/2020,0,0.043870971,0.03424185
11/9/2020,1.27,0.049271311,0.034663165
11/10/2020,28.194,0.055026418,0.035034187
11/11/2020,0,0.061077165,0.035349622
11/12/2020,0,0.067364422,0.035604176
11/13/2020,0,0.073829064,0.035792554
11/14/2020,0.508,0.08041196,0.035909464
11/15/2020,1.27,0.087053985,0.03594961
11/16/2020,0,0.093696009,0.035922956
11/17/2020,0,0.100278906,0.035845103
11/18/2020,0,0.106743547,0.035719214
11/19/2020,0,0.113030805,0.035548454
11/20/2020,0,0.119081551,0.035335985
11/21/2020,0,0.124836658,0.035084971
11/22/2020,0,0.130236999,0.034798577
11/23/2020,9.144,0.135223445,0.034479965
11/24/2020,13.208,0.139736868,0.034132299
11/25/2020,9.398,0.143718141,0.033758743
11/26/2020,0,0.147108135,0.03336246
11/27/2020,0,0.149847724,0.032946614
11/28/2020,0,0.151877779,0.032514369
11/29/2020,0,0.153139173,0.032068887
11/30/2020,0,0.153572776,0.031613334
12/1/2020,0,0.153318581,0.031150871
12/2/2020,0,0.152578341,0.030684664
12/3/2020,0,0.151385577,0.030217875
12/4/2020,0,0.149773809,0.029753668
12/5/2020,0,0.147776557,0.029295207
12/6/2020,0,0.145427342,0.028845655
12/7/2020,0,0.142759685,0.028408176
12/8/2020,0,0.139807104,0.027985934
12/9/2020,0,0.136603122,0.027582091
12/10/2020,0,0.133181257,0.027199812
12/11/2020,11.176,0.129575031,0.026842261
12/12/2020,0,0.125817964,0.0265126
12/13/2020,0,0.121943575,0.026213994
12/14/2020,0,0.117985386,0.025949606
12/15/2020,0,0.113976916,0.025722599
12/16/2020,0,0.109951686,0.025514439
12/17/2020,0,0.105943216,0.025304852
12/18/2020,0,0.101985027,0.025094398
12/19/2020,0,0.098110638,0.024883637
12/20/2020,0,0.094353571,0.024673129
12/21/2020,12.954,0.090747344,0.024463432
12/22/2020,0,0.08732548,0.024255106
12/23/2020,0.508,0.084121497,0.02404871
12/24/2020,0,0.081168917,0.023844805
12/25/2020,0,0.07850126,0.023643949
12/26/2020,0,0.076152045,0.023446701
12/27/2020,0,0.074154793,0.023253622
12/28/2020,0,0.072543025,0.023065271
12/29/2020,0,0.071350261,0.022882207
12/30/2020,0,0.070610021,0.02270499
12/31/2020,0,0.070355825,0.022534179
1/1/2021,0,0.070467592,0.022370333
1/2/2021,0,0.070796548,0.022214013
1/3/2021,0,0.071333174,0.022065777
1/4/2021,0,0.072067952,0.021926185
1/5/2021,1.681574074,0.072991365,0.021795796
1/6/2021,3.363148148,0.074093895,0.02167517
1/7/2021,0,0.075366024,0.021564866
1/8/2021,0,0.076798233,0.021465444
1/9/2021,0,0.078381006,0.021377463
1/10/2021,0,0.080104824,0.021301483
1/11/2021,0,0.081960168,0.021238063
1/12/2021,2.392753623,0.083937522,0.021187762
1/13/2021,8.178564815,0.086027368,0.021151141
1/14/2021,9.951861111,0.088220186,0.021128757
1/15/2021,0,0.09050646,0.021121172
1/16/2021,0,0.092876671,0.021139357
1/17/2021,0,0.095321302,0.021193669
1/18/2021,0,0.097830835,0.021283744
1/19/2021,0,0.100395751,0.021409218
1/20/2021,0,0.103006533,0.021569725
1/21/2021,7.643518519,0.105653663,0.021764902
1/22/2021,0,0.108327623,0.021994384
1/23/2021,0,0.111018895,0.022257807
1/24/2021,0,0.11371796,0.022554806
1/25/2021,0,0.116415302,0.022885016
1/26/2021,0,0.119101402,0.023248075
1/27/2021,0,0.121766743,0.023643616
1/28/2021,0,0.124401805,0.024071275
1/29/2021,0,0.126997072,0.024530689
1/30/2021,0,0.129543026,0.025021492
1/31/2021,0,0.132030148,0.025543321
2/1/2021,0,0.134480452,0.026095811
2/2/2021,0,0.136926713,0.026678597
2/3/2021,0,0.139375557,0.027291315
2/4/2021,0,0.141833613,0.0279336
2/5/2021,0,0.144307506,0.028605089
2/6/2021,0,0.146803863,0.029305416
2/7/2021,0,0.149329311,0.030034218
2/8/2021,0,0.151890477,0.03079113
2/9/2021,0,0.154493987,0.031575787
2/10/2021,0,0.157146468,0.032387825
2/11/2021,0,0.159854546,0.03322688
2/12/2021,0,0.162624849,0.034092587
2/13/2021,0,0.165464003,0.034984581
2/14/2021,0,0.168378635,0.035902499
2/15/2021,0,0.171375372,0.036845976
2/16/2021,0,0.174460839,0.038426788
2/17/2021,0,0.177641665,0.041194343
2/18/2021,0,0.180924475,0.045054727
2/19/2021,0,0.184315896,0.049914024
2/20/2021,0,0.187822556,0.055678322
2/21/2021,0,0.19145108,0.062253703
2/22/2021,0,0.195208095,0.069546255
2/23/2021,15.28703704,0.199100229,0.077462062
2/24/2021,13.22328704,0.203134108,0.08590721
2/25/2021,0,0.207316358,0.094787783
2/26/2021,4.1275,0.211653607,0.104009868
2/27/2021,7.556755636,0.21615248,0.113479548
2/28/2021,0,0.220819605,0.123102911
3/1/2021,0,0.22597757,0.132786041
3/2/2021,0,0.231912429,0.142435023
3/3/2021,0,0.238576003,0.151955942
3/4/2021,0,0.245920117,0.161254885
3/5/2021,0,0.253896595,0.170237936
3/6/2021,0,0.262457259,0.17881118
3/7/2021,0,0.271553932,0.186880703
3/8/2021,0,0.281138439,0.19435259
3/9/2021,0,0.291162603,0.201132927
3/10/2021,1.27,0.301578246,0.207127798
3/11/2021,0,0.312337193,0.21224329
3/12/2021,0,0.323391266,0.216385486
3/13/2021,0,0.334692289,0.219460473
3/14/2021,16.764,0.346192086,0.221374337
3/15/2021,9.398,0.35784248,0.222033161
3/16/2021,0,0.369595294,0.221891731
3/17/2021,1.27,0.381402351,0.221478837
3/18/2021,0,0.393215475,0.220811571
3/19/2021,0,0.40498649,0.219907026
3/20/2021,0,0.416667218,0.218782294
3/21/2021,0,0.428209483,0.217454468
3/22/2021,0.762,0.439565108,0.215940641
3/23/2021,25.4,0.450685918,0.214257904
3/24/2021,1.016,0.461523734,0.212423351
3/25/2021,5.588,0.472030381,0.210454074
3/26/2021,0.762,0.482157682,0.208367166
3/27/2021,3.302,0.49185746,0.20617972
3/28/2021,0,0.501081538,0.203908827
3/29/2021,0,0.509781741,0.20157158
3/30/2021,0,0.517909891,0.199185073
3/31/2021,0,0.525417811,0.196766397
4/1/2021,0,0.532451992,0.194332645
4/2/2021,0,0.539204455,0.19190091
4/3/2021,0,0.545695318,0.189488284
4/4/2021,0,0.551944701,0.187111859
4/5/2021,0,0.557972722,0.18478873
4/6/2021,0,0.563799501,0.182535987
4/7/2021,25.908,0.569445157,0.180370724
4/8/2021,1.778,0.574929809,0.178310033
4/9/2021,1.524,0.580273577,0.176371006
4/10/2021,0.762,0.585496579,0.174570737
4/11/2021,0,0.590618934,0.172926317
4/12/2021,0,0.595660762,0.17145484
4/13/2021,0,0.600642182,0.170173398
4/14/2021,0,0.605583313,0.169099083
4/15/2021,0,0.610504274,0.168248988
4/16/2021,0,0.615425185,0.167541224
4/17/2021,0,0.620366163,0.166880347
4/18/2021,0,0.62534733,0.16626312
4/19/2021,1.778,0.630388803,0.165686308
4/20/2021,0,0.635510702,0.165146673
4/21/2021,0,0.640733146,0.164640978
4/22/2021,0,0.646076254,0.164165988
4/23/2021,0,0.651560145,0.163718464
4/24/2021,0,0.657204938,0.16329517
4/25/2021,0,0.663030754,0.162892869
4/26/2021,0,0.66905771,0.162508326
4/27/2021,0,0.675305925,0.162138302
4/28/2021,0.762,0.68179552,0.161779561
4/29/2021,0,0.688546613,0.161428867
4/30/2021,0,0.695579323,0.161082983
5/1/2021,0,0.703233667,0.160738671
5/2/2021,0,0.711784387,0.160392696
5/3/2021,0.762,0.72115369,0.16004182
5/4/2021,0,0.731263783,0.159682806
5/5/2021,0,0.742036874,0.159312418
5/6/2021,0,0.753395169,0.15892742
5/7/2021,0,0.765260876,0.158524574
5/8/2021,19.558,0.777556202,0.158100643
5/9/2021,6.858,0.790203354,0.157652391
5/10/2021,0,0.803124539,0.157176582
5/11/2021,0,0.816241964,0.156669977
5/12/2021,0,0.829477838,0.156129342
5/13/2021,0,0.842754365,0.155551438
5/14/2021,1.27,0.855993755,0.154933029
5/15/2021,3.81,0.869118214,0.154270878
5/16/2021,6.858,0.882049949,0.153505568
5/17/2021,4.064,0.894711168,0.15258786
5/18/2021,1.778,0.907024077,0.151529789
5/19/2021,0.254,0.918910884,0.15034339
5/20/2021,11.43,0.930293795,0.149040696
5/21/2021,1.016,0.941095019,0.147633742
5/22/2021,1.016,0.951236762,0.146134562
5/23/2021,0,0.960641232,0.14455519
5/24/2021,0,0.969230635,0.142907662
5/25/2021,1.778,0.976927179,0.14120401
5/26/2021,0,0.983653071,0.13945627
5/27/2021,10.668,0.989330518,0.137676475
5/28/2021,0.254,0.993881727,0.13587666
5/29/2021,0,0.997228906,0.13406886
5/30/2021,0,0.999294261,0.132265108
5/31/2021,0,1,0.130477439
6/1/2021,0,0.99887477,0.128717888
6/2/2021,0,0.995581364,0.126998487
6/3/2021,0,0.990243209,0.125331273
6/4/2021,0,0.982983734,0.123728278
6/5/2021,0,0.973926364,0.122201538
6/6/2021,0,0.963194528,0.120763086
6/7/2021,0,0.950911652,0.119424958
6/8/2021,0,0.937201164,0.118199187
6/9/2021,0,0.922186491,0.117097807
6/10/2021,0,0.905991061,0.116132853
6/11/2021,0.508,0.8887383,0.115316359
6/12/2021,0,0.870551635,0.11466036
6/13/2021,0,0.851554495,0.11417689
6/14/2021,0,0.831870306,0.113877982
6/15/2021,0,0.811622495,0.113775672
6/16/2021,0,0.79093449,0.113777013
6/17/2021,0.508,0.769929718,0.113780915
6/18/2021,0,0.748731606,0.113787195
6/19/2021,0,0.727463582,0.113795669
6/20/2021,29.972,0.706249072,0.113806156
6/21/2021,0,0.685211505,0.113818471
6/22/2021,18.034,0.664474306,0.113832432
6/23/2021,0,0.644160904,0.113847857
6/24/2021,15.494,0.624394726,0.113864562
6/25/2021,0,0.605299198,0.113882364
6/26/2021,4.318,0.586997749,0.113901081
6/27/2021,0,0.569613805,0.11392053
6/28/2021,0.254,0.553270794,0.113940527
6/29/2021,0.254,0.538092143,0.11396089
6/30/2021,0,0.524201279,0.113981436
7/1/2021,0,0.51099831,0.114001982
7/2/2021,0,0.497808897,0.114022345
7/3/2021,0,0.484644797,0.114042342
7/4/2021,0,0.471517767,0.114061791
7/5/2021,0,0.458439564,0.114080508
7/6/2021,0,0.445421945,0.11409831
7/7/2021,4.318,0.432476666,0.114115015
7/8/2021,0,0.419615484,0.11413044
7/9/2021,18.034,0.406850156,0.114144401
7/10/2021,38.354,0.39419244,0.114156717
7/11/2021,0,0.381654091,0.114167203
7/12/2021,0,0.369246867,0.114175677
7/13/2021,0,0.356982524,0.114181957
7/14/2021,12.192,0.34487282,0.114185859
7/15/2021,1.778,0.332929511,0.1141872
7/16/2021,0,0.321164354,0.113888273
7/17/2021,0,0.309589106,0.113017769
7/18/2021,0,0.298215524,0.111615108
7/19/2021,0,0.287055364,0.10971971
7/20/2021,0,0.276120384,0.107370993
7/21/2021,0,0.26542234,0.104608375
7/22/2021,0,0.254972989,0.101471277
7/23/2021,0,0.244784089,0.097999118
7/24/2021,0,0.234867395,0.094231315
7/25/2021,0,0.225234664,0.090207289
7/26/2021,0,0.215897655,0.085966458
7/27/2021,0,0.206868122,0.081548242
7/28/2021,0,0.198157824,0.076992058
7/29/2021,0.254,0.189778517,0.072337328
7/30/2021,25.4,0.181741958,0.067623468
7/31/2021,48.514,0.174059903,0.0628899
8/1/2021,0,0.166503457,0.05817604
8/2/2021,0,0.158851405,0.05352131
8/3/2021,0,0.151127028,0.048965126
8/4/2021,0,0.143353606,0.04454691
8/5/2021,8.128,0.135554421,0.040306079
8/6/2021,2.286,0.127752752,0.036282053
8/7/2021,0,0.119971881,0.03251425
8/8/2021,1.016,0.112235089,0.02904209
8/9/2021,0,0.104565655,0.025904992
8/10/2021,0,0.09698686,0.023142375
8/11/2021,0,0.089521986,0.020793658
8/12/2021,0,0.082194313,0.018898259
8/13/2021,0,0.075027122,0.017495599
8/14/2021,0,0.068043693,0.016625095
8/15/2021,0,0.061267306,0.016326168
8/16/2021,0,0.054721244,0.016382817
8/17/2021,0,0.048428786,0.016549491
8/18/2021,0,0.042413212,0.016821273
8/19/2021,0,0.036697805,0.01719325
8/20/2021,0,0.031305843,0.017660507
8/21/2021,0,0.026260609,0.01821813
8/22/2021,0,0.021585382,0.018861205
8/23/2021,0,0.017303444,0.019584817
8/24/2021,0,0.013438075,0.020384051
8/25/2021,7.62,0.010012555,0.021253994
8/26/2021,12.7,0.007050166,0.022189731
8/27/2021,0,0.004574188,0.023186347
8/28/2021,0,0.002607902,0.024238929
8/29/2021,0,0.001174588,0.025342561
8/30/2021,12.954,0.000297527,0.026492329
8/31/2021,9.398,0,0.02768332
9/1/2021,0,0.000100301,0.028910619
9/2/2021,0,0.000392086,0.03016931
9/3/2021,7.874,0.000861678,0.031454481
9/4/2021,0,0.001495398,0.032761215
9/5/2021,0,0.00227957,0.0340846
9/6/2021,1.27,0.003200517,0.035419721
9/7/2021,0,0.00424456,0.036761663
9/8/2021,0,0.005398022,0.038105512
9/9/2021,0,0.006647227,0.039446354
9/10/2021,0,0.007978496,0.040779273
9/11/2021,0,0.009378152,0.042099357
9/12/2021,0,0.010832518,0.043401689
9/13/2021,0,0.012327916,0.044681357
9/14/2021,0,0.013850669,0.045933445
9/15/2021,0,0.015387099,0.04715304
9/16/2021,0,0.01692353,0.048353523
9/17/2021,0.254,0.018446283,0.049553159
9/18/2021,0,0.019941681,0.050754353
9/19/2021,0,0.021396047,0.051959512
9/20/2021,10.16,0.022795703,0.053171042
9/21/2021,0,0.024126972,0.05439135
9/22/2021,0,0.025376176,0.055622842
9/23/2021,0,0.026529639,0.056867925
9/24/2021,0.762,0.027573682,0.058129005
9/25/2021,0,0.028494628,0.059408487
9/26/2021,0,0.029278801,0.06070878
9/27/2021,0,0.029912521,0.062032289
9/28/2021,0,0.030382113,0.06338142
9/29/2021,0,0.030673898,0.06475858
9/30/2021,0.762,0.030774199,0.066166176
10/1/2021,0,0.030742922,0.067606613
10/2/2021,0,0.030651843,0.069082298
10/3/2021,0,0.030505086,0.070595638
10/4/2021,0,0.030306774,0.072149039
10/5/2021,0,0.030061032,0.073744908
10/6/2021,0,0.029771985,0.07538565
10/7/2021,0,0.029443757,0.077073672
10/8/2021,0,0.029080472,0.078811381
10/9/2021,0,0.028686254,0.080601182
10/10/2021,0,0.028265228,0.082445483
10/11/2021,9.652,0.027821518,0.08434669
10/12/2021,0,0.027359249,0.086307209
10/13/2021,36.322,0.026882545,0.088329447
10/14/2021,0,0.02639553,0.09041581
10/15/2021,0,0.025902328,0.092568704
10/16/2021,0,0.025407064,0.094993044
10/17/2021,0,0.024913862,0.097868171
10/18/2021,0,0.024426847,0.101158131
10/19/2021,0,0.023950143,0.104826969
10/20/2021,0.254,0.023487873,0.108838732
10/21/2021,0.254,0.023044164,0.113157466
10/22/2021,0,0.022623138,0.117747216
10/23/2021,0,0.02222892,0.122572029
10/24/2021,73.914,0.021865635,0.12759595
10/25/2021,0.254,0.021537407,0.132783025
10/26/2021,0,0.021248359,0.138097301
10/27/2021,15.24,0.021002618,0.143502823
10/28/2021,21.59,0.020804306,0.148963637
10/29/2021,2.54,0.020657548,0.154443788
10/30/2021,0,0.020566469,0.159907324
10/31/2021,0,0.020535193,0.16531829
11/1/2021,0,0.020968797,0.170640732
11/2/2021,0,0.02223019,0.175838695
11/3/2021,0,0.024260245,0.180876226
11/4/2021,0,0.026999834,0.18571737
11/5/2021,0,0.030389829,0.190326174
11/6/2021,0,0.034371102,0.194666684
11/7/2021,0,0.038884525,0.198702945
11/8/2021,0,0.043870971,0.202399003
11/9/2021,0,0.049271311,0.205718904
11/10/2021,34.29,0.055026418,0.208626695
11/11/2021,3.556,0.061077165,0.21108642
11/12/2021,0,0.067364422,0.213062127
11/13/2021,0.508,0.073829064,0.214517861
11/14/2021,0,0.08041196,0.215417667
11/15/2021,0,0.087053985,0.215725593
11/16/2021,0,0.093696009,0.215478056
11/17/2021,0,0.100278906,0.214754695
11/18/2021,0,0.106743547,0.21358438
11/19/2021,0,0.113030805,0.211995981
11/20/2021,0,0.119081551,0.210018368
11/21/2021,0,0.124836658,0.207680413
11/22/2021,0,0.130236999,0.205010987
11/23/2021,0,0.135223445,0.202038959
11/24/2021,0,0.139736868,0.1987932
11/25/2021,0,0.143718141,0.195302581
11/26/2021,0,0.147108135,0.191595973
11/27/2021,0.254,0.149847724,0.187702246
11/28/2021,0,0.151877779,0.183650271
11/29/2021,0,0.153139173,0.179468919
11/30/2021,0,0.153572776,0.175187059
12/1/2021,0.508,0.153318581,0.170833564
12/2/2021,0,0.152578341,0.166437302
12/3/2021,0,0.151385577,0.162027146
12/4/2021,0,0.149773809,0.157631965
12/5/2021,0,0.147776557,0.153280631
12/6/2021,0,0.145427342,0.149002013
12/7/2021,0,0.142759685,0.144824983
12/8/2021,0,0.139807104,0.140778411
12/9/2021,0,0.136603122,0.136891168
12/10/2021,0,0.133181257,0.133192124
12/11/2021,0.762,0.129575031,0.12971015
12/12/2021,0,0.125817964,0.126474117
12/13/2021,0,0.121943575,0.123512895
12/14/2021,0,0.117985386,0.120855355
12/15/2021,5.08,0.113976916,0.118530367
12/16/2021,0,0.109951686,0.116403136
12/17/2021,0,0.105943216,0.114319051
12/18/2021,0,0.101985027,0.112277262
12/19/2021,0,0.098110638,0.110276919
12/20/2021,0,0.094353571,0.10831717
12/21/2021,0,0.090747344,0.106397166
12/22/2021,0,0.08732548,0.104516056
12/23/2021,0,0.084121497,0.10267299
12/24/2021,0,0.081168917,0.100867117
12/25/2021,0.508,0.07850126,0.099097585
12/26/2021,3.81,0.076152045,0.097363546
12/27/2021,0,0.074154793,0.095664149
12/28/2021,0,0.072543025,0.093998542
12/29/2021,0,0.071350261,0.092365876
12/30/2021,0,0.070610021,0.0907653
12/31/2021,0,0.070355825,0.089195964
1/1/2022,0,0.070467592,0.087657017
1/2/2022,0,0.070796548,0.086147608
1/3/2022,0,0.071333174,0.084666887
1/4/2022,0,0.072067952,0.083214003
1/5/2022,0,0.072991365,0.081788107
1/6/2022,0,0.074093895,0.080388347
1/7/2022,0,0.075366024,0.079013874
1/8/2022,0,0.076798233,0.077663836
1/9/2022,0,0.078381006,0.076337383
1/10/2022,0,0.080104824,0.075033664
1/11/2022,0,0.081960168,0.07375183
1/12/2022,12.9175463,0.083937522,0.072491029
1/13/2022,0.036453704,0.086027368,0.071250412
1/14/2022,26.162,0.088220186,0.070029127
1/15/2022,0,0.09050646,0.068826324
1/16/2022,0,0.092876671,0.067618209
1/17/2022,0,0.095321302,0.066384502
1/18/2022,0,0.097830835,0.065129625
1/19/2022,0,0.100395751,0.063857998
1/20/2022,0,0.103006533,0.062574042
1/21/2022,0,0.105653663,0.061282178
1/22/2022,0,0.108327623,0.059986826
1/23/2022,0,0.111018895,0.058692408
1/24/2022,0,0.11371796,0.057403345
1/25/2022,0,0.116415302,0.056124057
1/26/2022,0,0.119101402,0.054858966
1/27/2022,0,0.121766743,0.053612491
1/28/2022,0,0.124401805,0.052389055
1/29/2022,0,0.126997072,0.051193077
1/30/2022,0,0.129543026,0.05002898
1/31/2022,0,0.132030148,0.048901183
2/1/2022,3.261234568,0.134480452,0.047814107
2/2/2022,0,0.136926713,0.046772175
2/3/2022,0,0.139375557,0.045779805
2/4/2022,0,0.141833613,0.04484142
2/5/2022,0,0.144307506,0.04396144
2/6/2022,0,0.146803863,0.043144285
2/7/2022,0,0.149329311,0.042394378
2/8/2022,2.675231481,0.151890477,0.041716138
2/9/2022,0.413533951,0.154493987,0.041113988
2/10/2022,0,0.157146468,0.040592346
2/11/2022,1.778,0.159854546,0.040155635
2/12/2022,0,0.162624849,0.039808275
2/13/2022,0,0.165464003,0.039554688
2/14/2022,0,0.168378635,0.039399293
2/15/2022,0,0.171375372,0.039346513
2/16/2022,0,0.174460839,0.039681212
2/17/2022,0,0.177641665,0.040660049
2/18/2022,0,0.180924475,0.042245134
2/19/2022,0,0.184315896,0.044398577
2/20/2022,0,0.187822556,0.047082487
2/21/2022,0,0.19145108,0.050258975
2/22/2022,0,0.195208095,0.05389015
2/23/2022,0,0.199100229,0.057938121
2/24/2022,0,0.203134108,0.062364999
2/25/2022,0,0.207316358,0.067132894
2/26/2022,0,0.211653607,0.072203915
2/27/2022,1.681574074,0.21615248,0.077540172
2/28/2022,2.128425926,0.220819605,0.083103775
3/1/2022,0,0.22597757,0.088856833
3/2/2022,0,0.231912429,0.094761456
3/3/2022,0,0.238576003,0.100779755
3/4/2022,0,0.245920117,0.106873839
3/5/2022,34.29,0.253896595,0.113005818
3/6/2022,3.81,0.262457259,0.119137801
3/7/2022,0,0.271553932,0.125231898
3/8/2022,0,0.281138439,0.13125022
3/9/2022,0,0.291162603,0.137154875
3/10/2022,0,0.301578246,0.142907974
3/11/2022,0,0.312337193,0.148471627
3/12/2022,0,0.323391266,0.153807943
3/13/2022,5.842,0.334692289,0.158879032
3/14/2022,0,0.346192086,0.163647004
3/15/2022,0,0.35784248,0.168073968
3/16/2022,0,0.369595294,0.172256999
3/17/2022,0.762,0.381402351,0.17632519
3/18/2022,15.24,0.393215475,0.180288683
3/19/2022,0,0.40498649,0.184157623
3/20/2022,0,0.416667218,0.187942149
3/21/2022,1.524,0.428209483,0.191652406
3/22/2022,16.764,0.439565108,0.195298535
3/23/2022,0.762,0.450685918,0.198890678
3/24/2022,1.016,0.461523734,0.202438978
3/25/2022,0,0.472030381,0.205953577
3/26/2022,0,0.482157682,0.209444617
3/27/2022,0,0.49185746,0.212922241
3/28/2022,0,0.501081538,0.216396591
3/29/2022,0.254,0.509781741,0.21987781
3/30/2022,4.826,0.517909891,0.223376039
3/31/2022,0,0.525417811,0.22690142
4/1/2022,0.254,0.532451992,0.230464097
4/2/2022,5.334,0.539204455,0.234074212
4/3/2022,2.794,0.545695318,0.237741906
4/4/2022,0,0.551944701,0.241477322
4/5/2022,0.508,0.557972722,0.245290603
4/6/2022,0,0.563799501,0.24919189
4/7/2022,0,0.569445157,0.253191326
4/8/2022,0.508,0.574929809,0.257299054
4/9/2022,0,0.580273577,0.261525215
4/10/2022,0,0.585496579,0.265879952
4/11/2022,0,0.590618934,0.270373407
4/12/2022,3.81,0.595660762,0.275015723
4/13/2022,4.318,0.600642182,0.279817041
4/14/2022,0,0.605583313,0.284787505
4/15/2022,0,0.610504274,0.289937256
4/16/2022,0,0.615425185,0.295519556
4/17/2022,5.588,0.620366163,0.301745949
4/18/2022,0,0.62534733,0.308564003
4/19/2022,0,0.630388803,0.315921282
4/20/2022,5.334,0.635510702,0.323765353
4/21/2022,0.508,0.640733146,0.332043782
4/22/2022,32.512,0.646076254,0.340704135
4/23/2022,21.336,0.651560145,0.349693978
4/24/2022,0,0.657204938,0.358960877
4/25/2022,0,0.663030754,0.368452398
4/26/2022,0,0.66905771,0.378116108
4/27/2022,0,0.675305925,0.387899573
4/28/2022,0,0.68179552,0.397750358
4/29/2022,6.858,0.688546613,0.40761603
4/30/2022,3.048,0.695579323,0.417444154
5/1/2022,0,0.703233667,0.427182297
5/2/2022,14.478,0.711784387,0.436778026
5/3/2022,10.668,0.72115369,0.446178905
5/4/2022,0,0.731263783,0.455332502
5/5/2022,1.524,0.742036874,0.464186381
5/6/2022,0.254,0.753395169,0.47268811
5/7/2022,0,0.765260876,0.480785255
5/8/2022,0.508,0.777556202,0.488425381
5/9/2022,0,0.790203354,0.495556055
5/10/2022,0,0.803124539,0.502124842
5/11/2022,0,0.816241964,0.508079309
5/12/2022,0,0.829477838,0.513367022
5/13/2022,0,0.842754365,0.517935547
5/14/2022,1.27,0.855993755,0.52173245
5/15/2022,0.254,0.869118214,0.524705298
5/16/2022,0,0.882049949,0.527230349
5/17/2022,0.254,0.894711168,0.52971682
5/18/2022,6.096,0.907024077,0.532161714
5/19/2022,0,0.918910884,0.534562034
5/20/2022,0,0.930293795,0.536914782
5/21/2022,0,0.941095019,0.539216961
5/22/2022,0,0.951236762,0.541465572
5/23/2022,0,0.960641232,0.543657619
5/24/2022,22.098,0.969230635,0.545790104
5/25/2022,12.954,0.976927179,0.547860029
5/26/2022,0,0.983653071,0.549864398
5/27/2022,0,0.989330518,0.551800212
5/28/2022,0,0.993881727,0.553664473
5/29/2022,0.254,0.997228906,0.555454186
5/30/2022,4.826,0.999294261,0.557166351
5/31/2022,0,1,0.558797972
6/1/2022,0,0.99887477,0.560346051
6/2/2022,0,0.995581364,0.56180759
6/3/2022,0,0.990243209,0.563179592
6/4/2022,1.524,0.982983734,0.56445906
6/5/2022,29.972,0.973926364,0.565642996
6/6/2022,2.794,0.963194528,0.566728402
6/7/2022,8.128,0.950911652,0.567712281
6/8/2022,2.794,0.937201164,0.568591636
6/9/2022,0.508,0.922186491,0.569363468
6/10/2022,3.302,0.905991061,0.570024781
6/11/2022,1.016,0.8887383,0.570572577
6/12/2022,0,0.870551635,0.571003858
6/13/2022,0.254,0.851554495,0.571315628
6/14/2022,0,0.831870306,0.571504887
6/15/2022,2.032,0.811622495,0.57156864
6/16/2022,0,0.79093449,0.570715013
6/17/2022,0,0.769929718,0.56822038
6/18/2022,0,0.748731606,0.564184115
6/19/2022,0,0.727463582,0.558705589
6/20/2022,0,0.706249072,0.551884176
6/21/2022,0,0.685211505,0.543819248
6/22/2022,0,0.664474306,0.534610178
6/23/2022,0,0.644160904,0.524356339
6/24/2022,23.114,0.624394726,0.513157104
6/25/2022,3.302,0.605299198,0.501111845
6/26/2022,0,0.586997749,0.488319935
6/27/2022,0,0.569613805,0.474880747
6/28/2022,0,0.553270794,0.460893654
6/29/2022,0,0.538092143,0.446458028
6/30/2022,0,0.524201279,0.431673242
7/1/2022,2.286,0.51099831,0.416638669
7/2/2022,0,0.497808897,0.401453681
7/3/2022,0,0.484644797,0.386217652
7/4/2022,7.112,0.471517767,0.371029954
7/5/2022,6.858,0.458439564,0.355989959
7/6/2022,35.814,0.445421945,0.341197041
7/7/2022,1.778,0.432476666,0.326750573
7/8/2022,0.762,0.419615484,0.312749927
7/9/2022,0,0.406850156,0.299294475
7/10/2022,0,0.39419244,0.286483591
7/11/2022,0.254,0.381654091,0.274416647
7/12/2022,0,0.369246867,0.263193017
7/13/2022,0,0.356982524,0.252912072
7/14/2022,0,0.34487282,0.243673186
7/15/2022,0,0.332929511,0.235575731
7/16/2022,0,0.321164354,0.228096395
7/17/2022,0,0.309589106,0.220651793
7/18/2022,0,0.298215524,0.213251189
7/19/2022,0,0.287055364,0.205903846
7/20/2022,0,0.276120384,0.198619028
7/21/2022,0,0.26542234,0.191406
7/22/2022,1.778,0.254972989,0.184274024
7/23/2022,0.508,0.244784089,0.177232364
7/24/2022,0,0.234867395,0.170290284
7/25/2022,0,0.225234664,0.163457047
7/26/2022,0,0.215897655,0.156741918
7/27/2022,0,0.206868122,0.15015416
7/28/2022,0,0.198157824,0.143703036
7/29/2022,0,0.189778517,0.137397811
7/30/2022,0,0.181741958,0.131247748
7/31/2022,0,0.174059903,0.125262111
8/1/2022,0,0.166503457,0.119450163
8/2/2022,0,0.158851405,0.113821168
8/3/2022,0,0.151127028,0.108384391
8/4/2022,0,0.143353606,0.103149093
8/5/2022,0,0.135554421,0.09812454
8/6/2022,0,0.127752752,0.093319995
8/7/2022,22.098,0.119971881,0.088744721
8/8/2022,0,0.112235089,0.084407983
8/9/2022,0,0.104565655,0.080319044
8/10/2022,0,0.09698686,0.076487167
8/11/2022,0,0.089521986,0.072921617
8/12/2022,0,0.082194313,0.069631657
8/13/2022,0,0.075027122,0.066626551
8/14/2022,0,0.068043693,0.063915562
8/15/2022,13.97,0.061267306,0.061507954
8/16/2022,0,0.054721244,0.059289688
8/17/2022,0,0.048428786,0.057139567
8/18/2022,1.27,0.042413212,0.055056123
8/19/2022,10.414,0.036697805,0.053037887
8/20/2022,0.254,0.031305843,0.05108339
8/21/2022,0,0.026260609,0.049191162
8/22/2022,0,0.021585382,0.047359736
8/23/2022,0,0.017303444,0.045587641
8/24/2022,1.016,0.013438075,0.04387341
8/25/2022,0,0.010012555,0.042215572
8/26/2022,0,0.007050166,0.040612659
8/27/2022,31.75,0.004574188,0.039063201
8/28/2022,21.336,0.002607902,0.037565731
8/29/2022,0.508,0.001174588,0.036118779
8/30/2022,0,0.000297527,0.034720875
8/31/2022,0,0,0.033370551
9/1/2022,39.116,0.000100301,0.032066338
9/2/2022,0,0.000392086,0.030806767
9/3/2022,0,0.000861678,0.029590369
9/4/2022,0,0.001495398,0.028415675
9/5/2022,0,0.00227957,0.027281215
9/6/2022,0,0.003200517,0.026185522
9/7/2022,0,0.00424456,0.025127125
9/8/2022,0,0.005398022,0.024104556
9/9/2022,0,0.006647227,0.023116346
9/10/2022,20.574,0.007978496,0.022161026
9/11/2022,0,0.009378152,0.021237127
9/12/2022,0,0.010832518,0.020343179
9/13/2022,0,0.012327916,0.019477714
9/14/2022,0,0.013850669,0.018639264
9/15/2022,0,0.015387099,0.017826358
9/16/2022,0,0.01692353,0.017023366
9/17/2022,17.018,0.018446283,0.016217065
9/18/2022,3.556,0.019941681,0.015409598
9/19/2022,0,0.021396047,0.014603107
9/20/2022,3.048,0.022795703,0.013799735
9/21/2022,0.254,0.024126972,0.013001624
9/22/2022,0,0.025376176,0.012210918
9/23/2022,5.842,0.026529639,0.011429758
9/24/2022,0,0.027573682,0.010660287
9/25/2022,0,0.028494628,0.009904648
9/26/2022,0,0.029278801,0.009164984
9/27/2022,0,0.029912521,0.008443436
9/28/2022,0,0.030382113,0.007742149
9/29/2022,0,0.030673898,0.007063263
9/30/2022,0,0.030774199,0.006408923
10/1/2022,0,0.030742922,0.00578127
10/2/2022,0,0.030651843,0.005182446
10/3/2022,0,0.030505086,0.004614596
10/4/2022,0,0.030306774,0.004079861
10/5/2022,0.508,0.030061032,0.003580383
10/6/2022,0,0.029771985,0.003118306
10/7/2022,0,0.029443757,0.002695772
10/8/2022,0,0.029080472,0.002314924
10/9/2022,0,0.028686254,0.001977904
10/10/2022,0,0.028265228,0.001686855
10/11/2022,0,0.027821518,0.001443919
10/12/2022,2.032,0.027359249,0.001251239
10/13/2022,0,0.026882545,0.001110958
10/14/2022,0,0.02639553,0.001025218
10/15/2022,0,0.025902328,0.000996162
10/16/2022,0,0.025407064,0.001004195
10/17/2022,0,0.024913862,0.001027948
10/18/2022,0,0.024426847,0.001066899
10/19/2022,0,0.023950143,0.001120529
10/20/2022,0,0.023487873,0.001188317
10/21/2022,0,0.023044164,0.001269741
10/22/2022,0,0.022623138,0.001364282
10/23/2022,0,0.02222892,0.001471419
10/24/2022,23.622,0.021865635,0.001590632
10/25/2022,0,0.021537407,0.001721399
10/26/2022,0,0.021248359,0.001863201
10/27/2022,0,0.021002618,0.002015516
10/28/2022,0,0.020804306,0.002177825
10/29/2022,0,0.020657548,0.002349606
10/30/2022,0,0.020566469,0.002530339
10/31/2022,0,0.020535193,0.002719504
11/1/2022,0,0.020968797,0.002916579
11/2/2022,0,0.02223019,0.003121045
11/3/2022,0,0.024260245,0.00333238
11/4/2022,41.91,0.026999834,0.003550065
11/5/2022,22.352,0.030389829,0.003773578
11/6/2022,0,0.034371102,0.0040024
11/7/2022,0,0.038884525,0.004236008
11/8/2022,0,0.043870971,0.004473884
11/9/2022,0,0.049271311,0.004715506
11/10/2022,0.762,0.055026418,0.004960354
11/11/2022,0,0.061077165,0.005207907
11/12/2022,0,0.067364422,0.005457644
11/13/2022,0,0.073829064,0.005709046
11/14/2022,0,0.08041196,0.005961591
11/15/2022,0,0.087053985,0.006214759
11/16/2022,0,0.093696009,0.00649311
11/17/2022,0,0.100278906,0.006819256
11/18/2022,0,0.106743547,0.007189759
11/19/2022,0,0.113030805,0.007601177
11/20/2022,0,0.119081551,0.008050071
11/21/2022,9.084867725,0.124836658,0.008533
11/22/2022,0.059132275,0.130236999,0.009046525
11/23/2022,0,0.135223445,0.009587205
11/24/2022,0,0.139736868,0.0101516
11/25/2022,0,0.143718141,0.010736269
11/26/2022,0,0.147108135,0.011337774
11/27/2022,0.254,0.149847724,0.011952674
11/28/2022,0,0.151877779,0.012577528
11/29/2022,0,0.153139173,0.013208896
11/30/2022,0,0.153572776,0.013843339
12/1/2022,0,0.153318581,0.014477416
12/2/2022,0,0.152578341,0.015107687
12/3/2022,0,0.151385577,0.015730712
12/4/2022,0,0.149773809,0.016343051
12/5/2022,0,0.147776557,0.016941264
12/6/2022,0,0.145427342,0.01752191
12/7/2022,0,0.142759685,0.01808155
12/8/2022,0,0.139807104,0.018616743
12/9/2022,8.89,0.136603122,0.019124049
12/10/2022,0,0.133181257,0.019600029
12/11/2022,0,0.129575031,0.020041241
12/12/2022,0,0.125817964,0.020444246
12/13/2022,32.258,0.121943575,0.020805604
12/14/2022,0,0.117985386,0.021121874
12/15/2022,0,0.113976916,0.021389617
12/16/2022,0,0.109951686,0.021621989
12/17/2022,0,0.105943216,0.021835408
12/18/2022,0,0.101985027,0.022031328
12/19/2022,0,0.098110638,0.022211201
12/20/2022,0,0.094353571,0.022376479
12/21/2022,0,0.090747344,0.022528617
12/22/2022,0,0.08732548,0.022669065
12/23/2022,0,0.084121497,0.022799278
12/24/2022,0,0.081168917,0.022920707
12/25/2022,0,0.07850126,0.023034807
12/26/2022,0,0.076152045,0.023143028
12/27/2022,0,0.074154793,0.023246825
12/28/2022,7.719953704,0.072543025,0.02334765
12/29/2022,1.678046296,0.071350261,0.023446955
12/30/2022,0,0.070610021,0.023546194
12/31/2022,0,0.070355825,0.023646819
1/1/2023,0,0.070467592,0.023750282
1/2/2023,13.716,0.070796548,0.023858038
1/3/2023,2.794,0.071333174,0.023971538
1/4/2023,0,0.072067952,0.024092235
1/5/2023,0,0.072991365,0.024221582
1/6/2023,0,0.074093895,0.024361032
1/7/2023,0,0.075366024,0.024512038
1/8/2023,0,0.076798233,0.024676052
1/9/2023,0.508,0.078381006,0.024854526
1/10/2023,0,0.080104824,0.025048915
1/11/2023,0,0.081960168,0.02526067
1/12/2023,0,0.083937522,0.025491244
1/13/2023,0,0.086027368,0.02574209
1/14/2023,0,0.088220186,0.026014661
1/15/2023,0,0.09050646,0.02631041
1/16/2023,2.794,0.092876671,0.026870384
1/17/2023,0,0.095321302,0.027921499
1/18/2023,17.272,0.097830835,0.02944401
1/19/2023,0,0.100395751,0.031418172
1/20/2023,0,0.103006533,0.03382424
1/21/2023,0,0.105653663,0.036642469
1/22/2023,0,0.108327623,0.039853113
1/23/2023,0,0.111018895,0.043436428
1/24/2023,0,0.11371796,0.047372669
1/25/2023,0,0.116415302,0.05164209
1/26/2023,0,0.119101402,0.056224946
1/27/2023,0,0.121766743,0.061101493
1/28/2023,0,0.124401805,0.066251985
1/29/2023,0,0.126997072,0.071656677
1/30/2023,0,0.129543026,0.077295824
1/31/2023,0,0.132030148,0.083149682
2/1/2023,0,0.134480452,0.089198504
2/2/2023,0,0.136926713,0.095422546
2/3/2023,0,0.139375557,0.101802063
2/4/2023,0,0.141833613,0.108317309
2/5/2023,4.572,0.144307506,0.114948541
2/6/2023,0,0.146803863,0.121676011
2/7/2023,0,0.149329311,0.128479977
2/8/2023,1.27,0.151890477,0.135340691
2/9/2023,3.302,0.154493987,0.14223841
2/10/2023,0,0.157146468,0.149153388
2/11/2023,0,0.159854546,0.156065881
2/12/2023,0,0.162624849,0.162956142
2/13/2023,0,0.165464003,0.169804427
2/14/2023,8.128,0.168378635,0.176590992
2/15/2023,0,0.171375372,0.18329609
2/16/2023,0,0.174460839,0.190487633
2/17/2023,0,0.177641665,0.198683024
2/18/2023,1.91087963,0.180924475,0.207786753
2/19/2023,4.43912037,0.184315896,0.21770331
2/20/2023,0,0.187822556,0.228337185
2/21/2023,0,0.19145108,0.239592869
2/22/2023,1.27,0.195208095,0.251374852
2/23/2023,0,0.199100229,0.263587625
2/24/2023,0,0.203134108,0.276135678
2/25/2023,0,0.207316358,0.288923501
2/26/2023,3.302,0.211653607,0.301855584
2/27/2023,27.432,0.21615248,0.314836419
2/28/2023,0,0.220819605,0.327770495
3/1/2023,0,0.22597757,0.340562302
3/2/2023,13.716,0.231912429,0.353116332
3/3/2023,2.794,0.238576003,0.365337073
3/4/2023,0.508,0.245920117,0.377129018
3/5/2023,0,0.253896595,0.388396656
3/6/2023,0,0.262457259,0.399044477
3/7/2023,0,0.271553932,0.408976972
3/8/2023,0,0.281138439,0.418098631
3/9/2023,0,0.291162603,0.426313944
3/10/2023,0,0.301578246,0.433527403
3/11/2023,0,0.312337193,0.439643497
3/12/2023,0,0.323391266,0.444566716
3/13/2023,0,0.334692289,0.448201551
3/14/2023,0,0.346192086,0.450452493
3/15/2023,0,0.35784248,0.451224031
3/16/2023,2.794,0.369595294,0.45091433
3/17/2023,0,0.381402351,0.450012454
3/18/2023,0,0.393215475,0.448559242
3/19/2023,0,0.40498649,0.446595533
3/20/2023,17.78,0.416667218,0.444162169
3/21/2023,1.524,0.428209483,0.441299988
3/22/2023,0.254,0.439565108,0.438049829
3/23/2023,0,0.450685918,0.434452534
3/24/2023,0,0.461523734,0.43054894
3/25/2023,0,0.472030381,0.426379889
3/26/2023,0,0.482157682,0.42198622
3/27/2023,0,0.49185746,0.417408772
3/28/2023,2.286,0.501081538,0.412688385
3/29/2023,0,0.509781741,0.407865899
3/30/2023,0,0.517909891,0.402982153
3/31/2023,0,0.525417811,0.398077987
4/1/2023,0,0.532451992,0.393194242
4/2/2023,0,0.539204455,0.388371756
4/3/2023,0,0.545695318,0.383651369
4/4/2023,18.288,0.551944701,0.379073921
4/5/2023,0,0.557972722,0.374680251
4/6/2023,0,0.563799501,0.3705112
4/7/2023,0,0.569445157,0.366607607
4/8/2023,0,0.574929809,0.363010311
4/9/2023,0,0.580273577,0.359760153
4/10/2023,0,0.585496579,0.356897972
4/11/2023,0,0.590618934,0.354464607
4/12/2023,0,0.595660762,0.352500899
4/13/2023,0,0.600642182,0.351047687
4/14/2023,0.254,0.605583313,0.35014581
4/15/2023,10.16,0.610504274,0.349836109
4/16/2023,1.524,0.615425185,0.350110676
4/17/2023,0,0.620366163,0.350909415
4/18/2023,0,0.62534733,0.352194885
4/19/2023,16.002,0.630388803,0.353929645
4/20/2023,16.51,0.635510702,0.356076255
4/21/2023,0,0.640733146,0.358597274
4/22/2023,0,0.646076254,0.361455261
4/23/2023,0,0.651560145,0.364612775
4/24/2023,0.254,0.657204938,0.368032374
4/25/2023,0,0.663030754,0.37167662
4/26/2023,0,0.66905771,0.375508069
4/27/2023,0,0.675305925,0.379489282
4/28/2023,0,0.68179552,0.383582818
4/29/2023,1.524,0.688546613,0.387751235
4/30/2023,0,0.695579323,0.391957093
5/1/2023,0,0.703233667,0.396162951
5/2/2023,0,0.711784387,0.400331369
5/3/2023,0,0.72115369,0.404424904
5/4/2023,0,0.731263783,0.408406117
5/5/2023,6.604,0.742036874,0.412237567
5/6/2023,0,0.753395169,0.415881812
5/7/2023,23.622,0.765260876,0.419301412
5/8/2023,5.334,0.777556202,0.422458926
5/9/2023,0,0.790203354,0.425316912
5/10/2023,0,0.803124539,0.427837931
5/11/2023,9.652,0.816241964,0.429984541
5/12/2023,3.81,0.829477838,0.431719302
5/13/2023,34.544,0.842754365,0.433004772
5/14/2023,0.254,0.855993755,0.433803511
5/15/2023,1.016,0.869118214,0.434078077
5/16/2023,0,0.882049949,0.433762434
5/17/2023,0,0.894711168,0.432836263
5/18/2023,0,0.907024077,0.431330704
5/19/2023,0,0.918910884,0.429276896
5/20/2023,0,0.930293795,0.426705977
5/21/2023,0,0.941095019,0.423649087
5/22/2023,0,0.951236762,0.420137363
5/23/2023,0,0.960641232,0.416201947
5/24/2023,0,0.969230635,0.411873975
5/25/2023,0,0.976927179,0.407184588
5/26/2023,0,0.983653071,0.402164924
5/27/2023,0,0.989330518,0.396846122
5/28/2023,0,0.993881727,0.391259321
5/29/2023,0,0.997228906,0.38543566
5/30/2023,0.508,0.999294261,0.379406278
5/31/2023,0,1,0.373202313
6/1/2023,25.654,0.99887477,0.366854906
6/2/2023,11.43,0.995581364,0.360395194
6/3/2023,0,0.990243209,0.353854317
6/4/2023,0,0.982983734,0.347263413
6/5/2023,0,0.973926364,0.340653622
6/6/2023,0,0.963194528,0.334056082
6/7/2023,0,0.950911652,0.327501933
6/8/2023,0,0.937201164,0.321022313
6/9/2023,0,0.922186491,0.314648361
6/10/2023,6.096,0.905991061,0.308411217
6/11/2023,0,0.8887383,0.302342019
6/12/2023,0,0.870551635,0.296471905
6/13/2023,0,0.851554495,0.290832016
6/14/2023,0,0.831870306,0.28545349
6/15/2023,0,0.811622495,0.280367465
6/16/2023,0,0.79093449,0.275405138
6/17/2023,0,0.769929718,0.270381619
6/18/2023,0,0.748731606,0.265303915
6/19/2023,0,0.727463582,0.260179037
6/20/2023,0,0.706249072,0.255013994
6/21/2023,0,0.685211505,0.249815795
6/22/2023,0,0.664474306,0.24459145
6/23/2023,0,0.644160904,0.239347969
6/24/2023,0,0.624394726,0.234092359
6/25/2023,0,0.605299198,0.228831631
6/26/2023,0,0.586997749,0.223572794
6/27/2023,0,0.569613805,0.218322858
6/28/2023,0,0.553270794,0.213088831
6/29/2023,0,0.538092143,0.207877723
6/30/2023,0,0.524201279,0.202696544
7/1/2023,39.878,0.51099831,0.197552302
7/2/2023,0,0.497808897,0.192452008
7/3/2023,0,0.484644797,0.18740267
7/4/2023,0,0.471517767,0.182411297
7/5/2023,0,0.458439564,0.1774849
7/6/2023,0,0.445421945,0.172630488
7/7/2023,2.54,0.432476666,0.167855069
7/8/2023,0,0.419615484,0.163165653
7/9/2023,0,0.406850156,0.15856925
7/10/2023,0,0.39419244,0.154072869
7/11/2023,0,0.381654091,0.149683519
7/12/2023,53.086,0.369246867,0.145408209
7/13/2023,0,0.356982524,0.141253949
7/14/2023,0,0.34487282,0.137227749
7/15/2023,0,0.332929511,0.133336617
7/16/2023,0,0.321164354,0.129515329
7/17/2023,0,0.309589106,0.125696985
7/18/2023,0,0.298215524,0.121886081
7/19/2023,0,0.287055364,0.118087113
7/20/2023,0,0.276120384,0.114304578
7/21/2023,0,0.26542234,0.110542972
7/22/2023,1.27,0.254972989,0.10680679
7/23/2023,0,0.244784089,0.103100531
7/24/2023,0,0.234867395,0.099428689
7/25/2023,0,0.225234664,0.09579576
7/26/2023,0,0.215897655,0.092206242
7/27/2023,0.254,0.206868122,0.08866463
7/28/2023,0,0.198157824,0.085175421
7/29/2023,0,0.189778517,0.08174311
7/30/2023,0,0.181741958,0.078372195
7/31/2023,0,0.174059903,0.075067171
8/1/2023,0.508,0.166503457,0.071832534
8/2/2023,16.764,0.158851405,0.068672782
8/3/2023,0,0.151127028,0.065592409
8/4/2023,0,0.143353606,0.062595913
8/5/2023,17.272,0.135554421,0.059687789
8/6/2023,14.732,0.127752752,0.056872534
8/7/2023,0,0.119971881,0.054154644
8/8/2023,0,0.112235089,0.051538616
8/9/2023,1.016,0.104565655,0.049028944
8/10/2023,0,0.09698686,0.046630127
8/11/2023,9.652,0.089521986,0.04434666
8/12/2023,0,0.082194313,0.042183039
8/13/2023,0.254,0.075027122,0.040143761
8/14/2023,0.254,0.068043693,0.038233321
8/15/2023,0,0.061267306,0.036456216
8/16/2023,0,0.054721244,0.034744394
8/17/2023,0,0.048428786,0.033029481
8/18/2023,0,0.042413212,0.031315492
8/19/2023,0,0.036697805,0.029606442
8/20/2023,0,0.031305843,0.027906345
8/21/2023,0,0.026260609,0.026219218
8/22/2023,0,0.021585382,0.024549076
8/23/2023,0,0.017303444,0.022899932
8/24/2023,0,0.013438075,0.021275803
8/25/2023,0.508,0.010012555,0.019680702
8/26/2023,0,0.007050166,0.018118647
8/27/2023,0,0.004574188,0.01659365
8/28/2023,0,0.002607902,0.015109728
8/29/2023,0,0.001174588,0.013670896
8/30/2023,0,0.000297527,0.012281167
8/31/2023,0,0,0.010944559
9/1/2023,0,0.000100301,0.009665085
9/2/2023,0,0.000392086,0.00844676
9/3/2023,0,0.000861678,0.007293601
9/4/2023,0,0.001495398,0.00620962
9/5/2023,0,0.00227957,0.005198835
9/6/2023,0,0.003200517,0.004265259
9/7/2023,0,0.00424456,0.003412909
9/8/2023,0,0.005398022,0.002645798
9/9/2023,0,0.006647227,0.001967942
9/10/2023,15.748,0.007978496,0.001383355
9/11/2023,4.064,0.009378152,0.000896054
9/12/2023,0,0.010832518,0.000510053
9/13/2023,0,0.012327916,0.000229367
9/14/2023,0,0.013850669,5.80E-05
9/15/2023,2.794,0.015387099,0
9/16/2023,0,0.01692353,1.97E-05
9/17/2023,0,0.018446283,7.70E-05
9/18/2023,0,0.019941681,0.00016925
9/19/2023,37.846,0.021396047,0.000293725
9/20/2023,0,0.022795703,0.000447752
9/21/2023,0,0.024126972,0.000628644
9/22/2023,1.27,0.025376176,0.000833714
9/23/2023,0,0.026529639,0.001060276
9/24/2023,0,0.027573682,0.001305644
9/25/2023,0,0.028494628,0.001567131
9/26/2023,0,0.029278801,0.001842051
9/27/2023,0,0.029912521,0.002127717
9/28/2023,0,0.030382113,0.002421442
9/29/2023,0,0.030673898,0.00272054
9/30/2023,0,0.030774199,0.003022325
10/1/2023,0,0.030742922,0.003324109
10/2/2023,0,0.030651843,0.003623208
10/3/2023,0.762,0.030505086,0.003916933
10/4/2023,1.016,0.030306774,0.004202598
10/5/2023,0,0.030061032,0.004477518
10/6/2023,1.016,0.029771985,0.004739005
10/7/2023,0,0.029443757,0.004984373
10/8/2023,0,0.029080472,0.005210935
10/9/2023,0,0.028686254,0.005416006
10/10/2023,0,0.028265228,0.005596898
10/11/2023,0,0.027821518,0.005750924
10/12/2023,7.874,0.027359249,0.005875399
10/13/2023,2.286,0.026882545,0.005967636
10/14/2023,0.254,0.02639553,0.006024948
10/15/2023,0,0.025902328,0.006044649
10/16/2023,0,0.025407064,0.006031686
10/17/2023,0,0.024913862,0.005993937
10/18/2023,0,0.024426847,0.00593311
10/19/2023,0.254,0.023950143,0.005850916
10/20/2023,0,0.023487873,0.005749064
10/21/2023,0,0.023044164,0.005629263
10/22/2023,0,0.022623138,0.005493222
10/23/2023,0.508,0.02222892,0.005342651
10/24/2023,0.508,0.021865635,0.00517926
10/25/2023,1.27,0.021537407,0.005004758
10/26/2023,32.004,0.021248359,0.004820854
10/27/2023,0.508,0.021002618,0.004629258
10/28/2023,0,0.020804306,0.004431678
10/29/2023,0,0.020657548,0.004229825
10/30/2023,0,0.020566469,0.004025408
10/31/2023,0,0.020535193,0.003820137
11/1/2023,0,0.020968797,0.00361572
11/2/2023,0,0.02223019,0.003413867
11/3/2023,0,0.024260245,0.003216288
11/4/2023,0,0.026999834,0.003024691
11/5/2023,0,0.030389829,0.002840787
11/6/2023,0,0.034371102,0.002666285
11/7/2023,0,0.038884525,0.002502894
11/8/2023,0,0.043870971,0.002352323
11/9/2023,0,0.049271311,0.002216282
11/10/2023,0,0.055026418,0.002096481
11/11/2023,0,0.061077165,0.001994629
11/12/2023,0,0.067364422,0.001912435
11/13/2023,0,0.073829064,0.001851608
11/14/2023,0,0.08041196,0.001813859
11/15/2023,0,0.087053985,0.001800896
11/16/2023,0,0.093696009,0.001827465
11/17/2023,0,0.100278906,0.001905729
11/18/2023,0,0.106743547,0.002033526
11/19/2023,0,0.113030805,0.002208691
11/20/2023,1.778,0.119081551,0.002429062
11/21/2023,0,0.124836658,0.002692474
11/22/2023,0,0.130236999,0.002996764
11/23/2023,0,0.135223445,0.003339768
11/24/2023,0,0.139736868,0.003719324
11/25/2023,0,0.143718141,0.004133267
11/26/2023,0,0.147108135,0.004579434
11/27/2023,0,0.149847724,0.005055661
11/28/2023,0,0.151877779,0.005559785
11/29/2023,4.1275,0.153139173,0.006089642
11/30/2023,0.6985,0.153572776,0.00664307
12/1/2023,0,0.153318581,0.007217903
12/2/2023,0,0.152578341,0.00781198
12/3/2023,0,0.151385577,0.008423136
12/4/2023,0,0.149773809,0.009049207
12/5/2023,0,0.147776557,0.009688031
12/6/2023,0,0.145427342,0.010337443
12/7/2023,0,0.142759685,0.010995281
12/8/2023,0,0.139807104,0.01165938
12/9/2023,0,0.136603122,0.012327578
12/10/2023,0,0.133181257,0.01299771
12/11/2023,0,0.129575031,0.013667613
12/12/2023,0,0.125817964,0.014335123
12/13/2023,0,0.121943575,0.014998078
12/14/2023,0,0.117985386,0.015654313
12/15/2023,0.508,0.113976916,0.016301666
12/16/2023,3.556,0.109951686,0.016956238
12/17/2023,0,0.105943216,0.017635299
12/18/2023,0,0.101985027,0.018338434
12/19/2023,0,0.098110638,0.019065227
12/20/2023,0,0.094353571,0.019815262
12/21/2023,0,0.090747344,0.020588124
12/22/2023,1.524,0.08732548,0.021383398
12/23/2023,0,0.084121497,0.022200667
12/24/2023,11.43,0.081168917,0.023039518
12/25/2023,20.32,0.07850126,0.023899533
12/26/2023,0.254,0.076152045,0.024780298
12/27/2023,1.524,0.074154793,0.025681397
12/28/2023,0,0.072543025,0.026602414
12/29/2023,0,0.071350261,0.027542935
12/30/2023,0,0.070610021,0.028502544
12/31/2023,0,0.070355825,0.029480825
1/1/2024,0,0.070468748,0.030477362
1/2/2024,0,0.070801018,0.031491741
1/3/2024,0,0.071342884,0.032523546
1/4/2024,0,0.072084598,0.03357236
1/5/2024,0,0.073016412,0.03463777
1/6/2024,0,0.074128575,0.03571936
1/7/2024,0,0.075411339,0.036816713
1/8/2024,0,0.076854955,0.037929414
1/9/2024,0,0.078449672,0.039057049
1/10/2024,0,0.080185744,0.040199201
1/11/2024,0,0.082053419,0.041355455
1/12/2024,0,0.08404295,0.042525395
1/13/2024,0,0.086144586,0.043708607
1/14/2024,0,0.088348579,0.044904674
1/15/2024,0,0.09064518,0.046113182
1/16/2024,0,0.093024639,0.047379771
1/17/2024,0,0.095477208,0.048745293
1/18/2024,0,0.097993137,0.050202143
1/19/2024,0,0.100562678,0.051742718
1/20/2024,0,0.10317608,0.053359414
1/21/2024,0,0.105823595,0.055044628
1/22/2024,0,0.108495474,0.056790755
1/23/2024,3.33375,0.111181968,0.058590193
1/24/2024,2.140185185,0.113873327,0.060435337
1/25/2024,13.62898148,0.116559802,0.062318584
1/26/2024,5.934898148,0.119231645,0.06423233
1/27/2024,4.1275,0.121879106,0.066168971
1/28/2024,2.140185185,0.124492436,0.068120905
1/29/2024,13.88936508,0.127061886,0.070080527
1/30/2024,3.319134921,0.129577706,0.072040233
1/31/2024,0,0.132030148,0.07399242
2/1/2024,0,0.134438713,0.075929485
2/2/2024,0,0.136833851,0.077843823
2/3/2024,0,0.139222239,0.079727831
2/4/2024,0,0.141610551,0.081573905
2/5/2024,0,0.144005463,0.083374442
2/6/2024,0,0.14641365,0.085121838
2/7/2024,0,0.148841788,0.08680849
2/8/2024,0,0.151296553,0.088426792
2/9/2024,0,0.15378462,0.089969143
2/10/2024,0,0.156312664,0.091427939
2/11/2024,0,0.158887361,0.092795574
2/12/2024,0,0.161515386,0.094064447
2/13/2024,0,0.164203416,0.095226954
2/14/2024,4.572,0.166958124,0.09627549
2/15/2024,0.254,0.169786188,0.097202452
2/16/2024,0,0.172694281,0.09803094
2/17/2024,0,0.175689081,0.098792795
2/18/2024,0,0.178777262,0.099493523
2/19/2024,5.842,0.1819655,0.100138627
2/20/2024,0,0.185260469,0.100733615
2/21/2024,0,0.188668847,0.101283992
2/22/2024,0,0.192197308,0.101795262
2/23/2024,0,0.195852528,0.102272932
2/24/2024,0,0.199641181,0.102722508
2/25/2024,0,0.203569945,0.103149493
2/26/2024,0,0.207645493,0.103559396
2/27/2024,0,0.211874503,0.103957719
2/28/2024,0,0.216263648,0.104349971
2/29/2024,0,0.220819605,0.104741654
3/1/2024,0,0.2258728,0.105138276
3/2/2024,0,0.231716624,0.105545342
3/3/2024,0,0.238302202,0.105968357
3/4/2024,0.254,0.24558066,0.106412827
3/5/2024,0,0.253503122,0.106884257
3/6/2024,0,0.262020714,0.107388153
3/7/2024,1.778,0.271084559,0.107930021
3/8/2024,4.064,0.280645784,0.108515365
3/9/2024,0,0.290655512,0.109149691
3/10/2024,0,0.301064869,0.109838506
3/11/2024,0,0.31182498,0.110587314
3/12/2024,0,0.32288697,0.111401621
3/13/2024,0,0.334201962,0.112286932
3/14/2024,11.684,0.345721084,0.113248753
3/15/2024,0,0.357395458,0.11429259
3/16/2024,0,0.369176211,0.115699265
3/17/2024,0,0.381014466,0.117732691
3/18/2024,0,0.39286135,0.120373008
3/19/2024,0,0.404667987,0.123600356
3/20/2024,0,0.416385501,0.127394876
3/21/2024,0,0.427965018,0.131736708
3/22/2024,10.922,0.439357662,0.136605992
3/23/2024,0,0.450514559,0.141982867
3/24/2024,12.954,0.461386834,0.147847475
3/25/2024,9.398,0.47192561,0.154179954
3/26/2024,9.398,0.482082014,0.160960447
3/27/2024,0,0.49180717,0.168169092
3/28/2024,0,0.501052202,0.175786029
3/29/2024,0,0.509768237,0.1837914
3/30/2024,0,0.517906398,0.192165343
3/31/2024,0,0.525417811,0.200888
4/1/2024,1.778,0.532451992,0.209939511
4/2/2024,6.604,0.539204455,0.219300015
4/3/2024,0,0.545695318,0.228949652
4/4/2024,0,0.551944701,0.238868564
4/5/2024,0,0.557972722,0.249036889
4/6/2024,1.016,0.563799501,0.259434769
4/7/2024,2.794,0.569445157,0.270042343
4/8/2024,0,0.574929809,0.280839752
4/9/2024,0,0.580273577,0.291807135
4/10/2024,0,0.585496579,0.302924634
4/11/2024,1.27,0.590618934,0.314172387
4/12/2024,0,0.595660762,0.325530535
4/13/2024,0,0.600642182,0.336979219
4/14/2024,0,0.605583313,0.348498578
4/15/2024,0,0.610504274,0.360068753
4/16/2024,11.684,0.615425185,0.372983697
4/17/2024,0.254,0.620366163,0.3884125
4/18/2024,8.89,0.62534733,0.406148008
4/19/2024,0,0.630388803,0.425983066
4/20/2024,0,0.635510702,0.447710522
4/21/2024,0,0.640733146,0.47112322
4/22/2024,0,0.646076254,0.496014007
4/23/2024,0,0.651560145,0.522175727
4/24/2024,0,0.657204938,0.549401228
4/25/2024,0,0.663030754,0.577483356
4/26/2024,17.018,0.66905771,0.606214955
4/27/2024,3.556,0.675305925,0.635388871
4/28/2024,5.842,0.68179552,0.664797952
4/29/2024,0,0.688546613,0.694235042
4/30/2024,4.064,0.695579323,0.723492987
5/1/2024,2.794,0.703233667,0.752364634
5/2/2024,12.446,0.711784387,0.780642827
5/3/2024,0,0.72115369,0.808120414
5/4/2024,13.462,0.731263783,0.834590239
5/5/2024,0,0.742036874,0.85984515
5/6/2024,0.508,0.753395169,0.88367799
5/7/2024,21.844,0.765260876,0.905881608
5/8/2024,3.556,0.777556202,0.926248847
5/9/2024,0,0.790203354,0.944572555
5/10/2024,0.254,0.803124539,0.960645576
5/11/2024,0,0.816241964,0.974260758
5/12/2024,0,0.829477838,0.985210945
5/13/2024,8.382,0.842754365,0.993288984
5/14/2024,0,0.855993755,0.99828772
5/15/2024,0,0.869118214,1
5/16/2024,0,0.882049949,0.99956508
5/17/2024,0,0.894711168,0.998297518
5/18/2024,0,0.907024077,0.996253114
5/19/2024,18.542,0.918910884,0.993487666
5/20/2024,13.716,0.930293795,0.990056974
5/21/2024,40.132,0.941095019,0.986016836
5/22/2024,0,0.951236762,0.981423052
5/23/2024,0,0.960641232,0.97633142
5/24/2024,7.366,0.969230635,0.970797739
5/25/2024,0,0.976927179,0.964877808
5/26/2024,3.81,0.983653071,0.958627426
5/27/2024,6.604,0.989330518,0.952102392
5/28/2024,0,0.993881727,0.945358505
5/29/2024,0,0.997228906,0.938451564
5/30/2024,0,0.999294261,0.931437368
5/31/2024,0,1,0.924371715
6/1/2024,0,0.99887477,0.917310405
6/2/2024,0,0.995581364,0.910309237
6/3/2024,0,0.990243209,0.903424009
6/4/2024,16.002,0.982983734,0.896710521
6/5/2024,0,0.973926364,0.890224571
6/6/2024,0,0.963194528,0.884021958
6/7/2024,0.508,0.950911652,0.878158482
6/8/2024,0,0.937201164,0.87268994
6/9/2024,0,0.922186491,0.867672133
6/10/2024,0,0.905991061,0.863160859
6/11/2024,0,0.8887383,0.859211917
6/12/2024,0,0.870551635,0.855881106
6/13/2024,0,0.851554495,0.853224225
6/14/2024,0,0.831870306,0.851297072
6/15/2024,2.54,0.811622495,0.850155447
6/16/2024,3.302,0.79093449,0.849459075
6/17/2024,0,0.769929718,0.848827337
6/18/2024,5.588,0.748731606,0.848255523
6/19/2024,5.588,0.727463582,0.847738919
6/20/2024,9.398,0.706249072,0.847272812
6/21/2024,0,0.685211505,0.846852489
6/22/2024,0,0.664474306,0.846473239
6/23/2024,0,0.644160904,0.846130347
6/24/2024,0.254,0.624394726,0.845819102
6/25/2024,28.702,0.605299198,0.845534791
6/26/2024,0,0.586997749,0.8452727
6/27/2024,0.254,0.569613805,0.845028118
6/28/2024,32.766,0.553270794,0.844796331
6/29/2024,0,0.538092143,0.844572628
6/30/2024,0,0.524201279,0.844352294
7/1/2024,0,0.51099831,0.844130617
7/2/2024,46.99,0.497808897,0.843902886
7/3/2024,0,0.484644797,0.843664386
7/4/2024,0.508,0.471517767,0.843410405
7/5/2024,0,0.458439564,0.84313623
7/6/2024,0,0.445421945,0.84283715
7/7/2024,35.814,0.432476666,0.84250845
7/8/2024,0,0.419615484,0.842145419
7/9/2024,0,0.406850156,0.841743343
7/10/2024,3.81,0.39419244,0.84129751
7/11/2024,0,0.381654091,0.840803207
7/12/2024,0,0.369246867,0.840255721
7/13/2024,0,0.356982524,0.83965034
7/14/2024,0,0.34487282,0.838982351
7/15/2024,0,0.332929511,0.838247041
7/16/2024,0,0.321164354,0.836375135
7/17/2024,0,0.309589106,0.83238231
7/18/2024,0,0.298215524,0.826391286
7/19/2024,0,0.287055364,0.818524782
7/20/2024,3.556,0.276120384,0.808905517
7/21/2024,0,0.26542234,0.79765621
7/22/2024,5.588,0.254972989,0.784899578
7/23/2024,0,0.244784089,0.770758342
7/24/2024,1.016,0.234867395,0.755355221
7/25/2024,0,0.225234664,0.738812932
7/26/2024,0,0.215897655,0.721254196
7/27/2024,0,0.206868122,0.70280173
7/28/2024,1.524,0.198157824,0.683578254
7/29/2024,12.446,0.189778517,0.663706487
7/30/2024,26.924,0.181741958,0.643309148
7/31/2024,90.17,0.174059903,0.622508955
8/1/2024,0,0.166503457,0.601428627
8/2/2024,0,0.158851405,0.580190883
8/3/2024,0,0.151127028,0.558918443
8/4/2024,0,0.143353606,0.537734025
8/5/2024,0,0.135554421,0.516760348
8/6/2024,0,0.127752752,0.49612013
8/7/2024,0,0.119971881,0.475936091
8/8/2024,0.254,0.112235089,0.45633095
8/9/2024,0,0.104565655,0.437427426
8/10/2024,0,0.09698686,0.419348236
8/11/2024,0,0.089521986,0.402216101
8/12/2024,13.462,0.082194313,0.38615374
8/13/2024,0,0.075027122,0.37128387
8/14/2024,25.908,0.068043693,0.357729211
8/15/2024,2.54,0.061267306,0.345612482
8/16/2024,0,0.054721244,0.334211194
8/17/2024,0,0.048428786,0.32273781
8/18/2024,0,0.042413212,0.311217485
8/19/2024,0,0.036697805,0.29967537
8/20/2024,2.286,0.031305843,0.288136617
8/21/2024,1.27,0.026260609,0.276626379
8/22/2024,0,0.021585382,0.265169807
8/23/2024,0,0.017303444,0.253792054
8/24/2024,0,0.013438075,0.242518273
8/25/2024,0,0.010012555,0.231373615
8/26/2024,0,0.007050166,0.220383232
8/27/2024,2.032,0.004574188,0.209572277
8/28/2024,0,0.002607902,0.198965903
8/29/2024,22.606,0.001174588,0.18858926
8/30/2024,3.302,0.000297527,0.178467502
8/31/2024,0,0,0.16862578
9/1/2024,0,0.000100301,0.159089248
9/2/2024,0,0.000392086,0.149883056
9/3/2024,0,0.000861678,0.141032358
9/4/2024,0,0.001495398,0.132562305
9/5/2024,0,0.00227957,0.12449805
9/6/2024,0,0.003200517,0.116864745
9/7/2024,0,0.00424456,0.109687541
9/8/2024,0,0.005398022,0.102991593
9/9/2024,0,0.006647227,0.09680205
9/10/2024,0,0.007978496,0.091144067
9/11/2024,0,0.009378152,0.086042794
9/12/2024,0,0.010832518,0.081523385
9/13/2024,0,0.012327916,0.077610991
9/14/2024,0,0.013850669,0.074330764
9/15/2024,0,0.015387099,0.071707858
9/16/2024,0,0.01692353,0.069442892
9/17/2024,0,0.018446283,0.067221286
9/18/2024,0,0.019941681,0.065045383
9/19/2024,0,0.021396047,0.06291753
9/20/2024,0,0.022795703,0.060840071
9/21/2024,7.366,0.024126972,0.058815354
9/22/2024,7.874,0.025376176,0.056845722
9/23/2024,0,0.026529639,0.054933522
9/24/2024,0,0.027573682,0.053081098
9/25/2024,0,0.028494628,0.051290798
9/26/2024,0,0.029278801,0.049564965
9/27/2024,0,0.029912521,0.047905945
9/28/2024,0,0.030382113,0.046316085
9/29/2024,0,0.030673898,0.044797729
9/30/2024,0,0.030774199,0.043353223
10/1/2024,0,0.030742922,0.041984912
10/2/2024,0,0.030651843,0.040695142
10/3/2024,0,0.030505086,0.039486259
10/4/2024,5.08,0.030306774,0.038360607
10/5/2024,0,0.030061032,0.037320533
10/6/2024,0,0.029771985,0.036368382
10/7/2024,0,0.029443757,0.035506499
10/8/2024,0,0.029080472,0.03473723
10/9/2024,0,0.028686254,0.034062921
10/10/2024,0,0.028265228,0.033485916
10/11/2024,0,0.027821518,0.033008562
10/12/2024,0,0.027359249,0.032633203
10/13/2024,0,0.026882545,0.032362186
10/14/2024,0,0.02639553,0.032197856
10/15/2024,0,0.025902328,0.032142558
10/16/2024,0,0.025407064,0.032221002
10/17/2024,0,0.024913862,0.032450325
10/18/2024,0,0.024426847,0.032821518
10/19/2024,0,0.023950143,0.033325567
10/20/2024,0,0.023487873,0.033953461
10/21/2024,0,0.023044164,0.034696189
10/22/2024,1.524,0.022623138,0.035544739
10/23/2024,0.254,0.02222892,0.0364901
10/24/2024,0.508,0.021865635,0.037523259
10/25/2024,0,0.021537407,0.038635207
10/26/2024,0,0.021248359,0.03981693
10/27/2024,0,0.021002618,0.041059418
10/28/2024,0,0.020804306,0.042353658
10/29/2024,0,0.020657548,0.04369064
10/30/2024,44.704,0.020566469,0.045061352
10/31/2024,0,0.020535193,0.046456782
11/1/2024,0,0.020968797,0.047867918
11/2/2024,20.32,0.02223019,0.04928575
11/3/2024,15.24,0.024260245,0.050701265
11/4/2024,5.334,0.026999834,0.052105452
11/5/2024,2.54,0.030389829,0.0534893
11/6/2024,0,0.034371102,0.054843797
11/7/2024,0,0.038884525,0.056159931
11/8/2024,0,0.043870971,0.05742869
11/9/2024,4.064,0.049271311,0.058641064
11/10/2024,0,0.055026418,0.059788041
11/11/2024,0,0.061077165,0.060860609
11/12/2024,0,0.067364422,0.061849756
11/13/2024,10.668,0.073829064,0.062746472
11/14/2024,0,0.08041196,0.063541744
11/15/2024,0,0.087053985,0.06422656
11/16/2024,0.254,0.093696009,0.064850874
11/17/2024,0,0.100278906,0.065470148
11/18/2024,12.7,0.106743547,0.066083639
11/19/2024,0,0.113030805,0.066690604
11/20/2024,0,0.119081551,0.067290301
11/21/2024,0,0.124836658,0.067881987
11/22/2024,0,0.130236999,0.068464917
11/23/2024,0,0.135223445,0.06903835
11/24/2024,0,0.139736868,0.069601543
11/25/2024,0,0.143718141,0.070153751
11/26/2024,0,0.147108135,0.070694233
11/27/2024,0,0.149847724,0.071222245
11/28/2024,0,0.151877779,0.071737045
11/29/2024,0,0.153139173,0.072237889
11/30/2024,0,0.153572776,0.072724034
12/1/2024,0,0.153515322,0.073194737
12/2/2024,0,0.153339073,0.073649256
12/3/2024,0,0.153038202,0.074086847
12/4/2024,0.762,0.15260688,0.074506767
12/5/2024,0,0.15203928,0.074908273
12/6/2024,0,0.151329574,0.075290622
12/7/2024,0,0.150471935,0.075653072
12/8/2024,0,0.149460533,0.075994878
12/9/2024,0,0.148289541,0.076315299
12/10/2024,0,0.146953132,0.076613591
12/11/2024,0,0.145445477,0.076889011
12/12/2024,0,0.143760749,0.077140817
12/13/2024,0,0.141893119,0.077368264
12/14/2024,0,0.13983676,0.077570611
12/15/2024,1.681574074,0.137585844,0.077747113
12/16/2024,4.160425926,0.135134543,0.077897029
12/17/2024,0,0.132477028,0.078019614
12/18/2024,0.762,0.129607473,0.078114127
12/19/2024,0,0.126520048,0.078179824
12/20/2024,0,0.123208927,0.078215962
12/21/2024,0,0.119668281,0.078221798
12/22/2024,0,0.115892283,0.078196588
12/23/2024,0,0.111875104,0.078139591
12/24/2024,0,0.107610917,0.078050063
12/25/2024,0,0.103093893,0.077927261
12/26/2024,0.508,0.098318205,0.077770441
12/27/2024,14.986,0.093278025,0.077578862
12/28/2024,0,0.087967525,0.07735178
12/29/2024,0,0.082380877,0.077088451
12/30/2024,17.526,0.076512253,0.076788134
12/31/2024,1.778,0.070355825,0.076450084
