Date,Rainfall (mm/day),alpha,Day,dom_weekly_fraction,ind_weekly_fraction,Q_domestic,Q_industrial,Q_RDI,Q_GWI,delayed_rain,Q_RII,Influent (m3/day),Influent (MGD)
2024-01-01,0.0,0.316641512,Mon,1.0,1.0,157370.88,2400.0,0.0,14818.279420800001,0.0,0.0,174589.15942080002,46.121598299999214
2024-01-02,0.0,0.319910854,Tue,1.0,1.0,157370.88,2400.0,0.0,15041.9024136,0.0,0.0,174812.7824136,46.180673272802686
2024-01-03,0.0,0.323169473,Wed,1.0,1.0,157370.88,2400.0,0.0,15264.791953199998,0.0,0.0,175035.6719532,46.239554487677694
2024-01-04,0.0,0.326419754,Thu,1.0,1.0,157370.88,2400.0,0.0,15487.1111736,0.0,0.0,175257.9911736,46.298285040088125
2024-01-05,0.0,0.329664082,Fri,1.0,1.2,157370.88,2880.0,0.0,15709.023208800001,0.0,0.0,175959.9032088,46.48371067038974
2024-01-06,0.254,0.332904843,Sat,0.95,0.25,149502.336,600.0,279.4,15930.6912612,0.254,234.34567516561506,166546.77293636563,43.99702355527291
2024-01-07,0.254,0.336144421,Sun,0.95,0.25,149502.336,600.0,279.4,16152.278396400001,0.4726198260119647,437.6841106325387,166971.69850703256,44.10927706827862
2024-01-08,7.874,0.339385203,Mon,1.0,1.0,157370.88,2400.0,8661.4,16373.947885200001,8.28078765406512,7697.555452619177,192503.7833378192,50.854143497750364
2024-01-09,10.668,0.342629574,Tue,1.0,1.0,157370.88,2400.0,11734.8,16595.8628616,17.795339984935993,16604.575520953174,204706.11838255316,54.07766090926826
2024-01-10,1.524,0.345879919,Wed,1.0,1.0,157370.88,2400.0,1676.4,16818.186459599998,16.840591068230175,15773.51142337109,194038.97788297108,51.25969918264365
2024-01-11,0.762,0.349138623,Thu,1.0,1.0,157370.88,2400.0,838.2,17041.0818132,15.256831060138298,14344.83357458901,191994.99538778904,50.71973587743178
2024-01-12,10.922,0.352408073,Fri,1.0,1.2,157370.88,2880.0,12014.2,17264.7121932,24.053676188430607,22703.072478348993,212232.86467154903,56.06601786109009
2024-01-13,0.254,0.355690652,Sat,0.95,0.25,149502.336,600.0,279.4,17489.2405968,20.957190957727704,19857.35773966838,187728.33433646837,49.5926027395892
2024-01-14,0.0,0.358988748,Sun,0.95,0.25,149502.336,600.0,0.0,17714.830363200002,18.038021420779327,17158.411498427206,184975.57786162721,48.8654010692705
2024-01-15,0.0,0.362304744,Mon,1.0,1.0,157370.88,2400.0,0.0,17941.644489600003,15.525468915790825,14826.84191377665,192539.36640337665,50.86354355363796
2024-01-16,0.0,0.365684298,Tue,1.0,1.0,157370.88,2400.0,0.0,18172.805983200004,13.362894933560456,12813.274305184257,190756.96028838426,50.392681450195425
2024-01-17,0.0,0.369164019,Wed,1.0,1.0,157370.88,2400.0,0.0,18410.8188996,11.501550257445476,11074.67709195948,189256.3759915595,49.99626882994431
2024-01-18,5.334,0.372732726,Thu,1.0,1.0,157370.88,2400.0,5867.4,18654.9184584,15.233476047836998,14731.370648018163,199024.56910641817,52.57675366906575
2024-01-19,0.0,0.376379238,Fri,1.0,1.2,157370.88,2880.0,0.0,18904.339879199997,13.11157434305337,12735.545239257452,191890.76511845746,50.69220114028796
2024-01-20,0.0,0.380092374,Sat,0.95,0.25,149502.336,600.0,0.0,19158.3183816,11.285236620556175,11011.227375076201,180271.88175667622,47.622815429947146
2024-01-21,0.0,0.383860952,Sun,0.95,0.25,149502.336,600.0,0.0,19416.089116799994,9.713293175156862,9521.214012695407,179039.63912949542,47.297291212707584
2024-01-22,0.0,0.38767379,Mon,1.0,1.0,157370.88,2400.0,0.0,19676.887236000002,8.360308913212588,8233.44987301354,187681.21710901355,49.58015567904496
2024-01-23,1.27,0.391519708,Tue,1.0,1.0,157370.88,2400.0,1397.0,19939.948027200004,8.465784566979579,8376.985463467134,189484.81349066715,50.05661566135958
2024-01-24,0.0,0.395387524,Wed,1.0,1.0,157370.88,2400.0,0.0,20204.5066416,7.2865683034954785,7244.797733904866,187220.18437550485,49.45836365823117
2024-01-25,8.89,0.399266056,Thu,1.0,1.0,157370.88,2400.0,9779.0,20469.7982304,15.16160745958456,15147.710495544634,205167.38872594462,54.19951570000202
2024-01-26,0.508,0.403144123,Fri,1.0,1.2,157370.88,2880.0,558.8,20735.058013200003,13.55771647589009,13611.210626375378,195155.94863957536,51.55477177890251
2024-01-27,0.0,0.407010544,Sat,0.95,0.25,149502.336,600.0,0.0,20999.521209599996,11.669234712908025,11772.398358757524,182874.25556835753,48.31029018477722
2024-01-28,0.0,0.410854137,Sun,0.95,0.25,149502.336,600.0,0.0,21262.4229708,10.043803396176108,10181.9487292185,181546.7077000185,47.959588974514915
2024-01-29,0.0,0.414663721,Mon,1.0,1.0,157370.88,2400.0,0.0,21522.998516399995,8.64478169673386,8806.196201954765,190100.07471835476,50.219150559214135
2024-01-30,0.0,0.418428114,Tue,1.0,1.0,157370.88,2400.0,0.0,21780.482997600004,7.440632560832178,7616.069814294398,189167.4328118944,49.972772516555516
2024-01-31,0.0,0.422136136,Wed,1.0,1.0,157370.88,2400.0,0.0,22034.1117024,6.40421179475626,6586.460270128975,188391.45197252897,49.76777996902026
2024-02-01,0.0,0.425776604,Thu,1.0,1.0,157370.88,2400.0,0.0,22283.119713599997,5.512156174462148,5695.675127298424,187749.67484089843,49.59824030709974
2024-02-02,0.0,0.429338337,Fri,1.0,1.2,157370.88,2880.0,0.0,22526.7422508,4.7443567866602026,4924.969816914537,187702.59206771455,49.58580234841524
2024-02-03,0.0,0.432810155,Sat,0.95,0.25,149502.336,600.0,0.0,22764.214602,4.083505729284794,4258.143671632978,177124.69427363298,46.7914160615714
2024-02-04,0.0,0.436180874,Sun,0.95,0.25,149502.336,600.0,0.0,22994.771781599997,3.514705952972845,3681.1918773270886,176778.2996589271,46.69990824215267
2024-02-05,0.0,0.439439315,Mon,1.0,1.0,157370.88,2400.0,0.0,23217.649146,3.0251354485123607,3182.0056000000695,186170.53474600008,49.181075430666716
2024-02-06,0.0,0.442574295,Tue,1.0,1.0,157370.88,2400.0,0.0,23432.081778000003,2.6037582103007844,2750.113383385408,185953.0751613854,49.12362865882042
2024-02-07,0.0,0.445574634,Wed,1.0,1.0,157370.88,2400.0,0.0,23637.3049656,2.241075460288118,2376.4582277188365,185784.64319331883,49.0791336191638
2024-02-08,0.0,0.448429149,Thu,1.0,1.0,157370.88,2400.0,0.0,23832.5537916,1.928911524440441,2053.2052533691904,185656.6390449692,49.045318484647424
2024-02-09,0.0,0.45112666,Fri,1.0,1.2,157370.88,2880.0,0.0,24017.063544000004,1.6602295349041056,1773.5757931017877,186041.5193371018,49.14699314924984
2024-02-10,0.0,0.453655985,Sat,0.95,0.25,149502.336,600.0,0.0,24190.069373999995,1.4289728033884275,1531.7041735917744,175824.10954759177,46.44783776330484
2024-02-11,0.0,0.456005943,Sun,0.95,0.25,149502.336,600.0,0.0,24350.8065012,1.2299282899708954,1322.514101717773,175775.6566029178,46.43503784343513
2024-02-12,0.0,0.458165351,Mon,1.0,1.0,157370.88,2400.0,0.0,24498.5100084,1.0586090896087814,1141.6119115339745,185411.001919934,48.98042799060974
2024-02-13,0.0,0.46012303,Tue,1.0,1.0,157370.88,2400.0,0.0,24632.415252000003,0.9111532873423466,985.1943761323957,185388.4896281324,48.97448086947845
2024-02-14,4.572,0.461867797,Wed,1.0,1.0,157370.88,2400.0,5029.2,24751.757314800005,5.356236902161471,5805.178942625238,195357.01625742525,51.60788824920557
2024-02-15,0.254,0.463388471,Thu,1.0,1.0,157370.88,2400.0,279.4,24855.771416400003,4.86415582531262,5282.736567445303,190188.7879838453,50.24258613567495
2024-02-16,5.842,0.464736396,Fri,1.0,1.2,157370.88,2880.0,6426.2,24947.969486399998,10.028617717420982,10911.58889178035,202536.63837818036,53.50454465386322
2024-02-17,0.0,0.465976037,Sat,0.95,0.25,149502.336,600.0,0.0,25032.760930800003,8.631711261901895,9407.552556320994,184542.649487121,48.7510334381536
2024-02-18,0.0,0.46711589,Sun,0.95,0.25,149502.336,600.0,0.0,25110.726876,7.429382733316963,8109.749011550504,183322.81188755052,48.428786284061836
2024-02-19,0.0,0.468164451,Mon,1.0,1.0,157370.88,2400.0,0.0,25182.448448399995,6.394528978480508,6990.126661344251,191943.45510974425,50.70612036998482
2024-02-20,0.0,0.469130218,Tue,1.0,1.0,157370.88,2400.0,0.0,25248.506911200002,5.50382209725935,6024.40788529889,191043.7947964989,50.46845514660206
2024-02-21,0.0,0.470021687,Wed,1.0,1.0,157370.88,2400.0,0.0,25309.483390800004,4.737183579935612,5191.588293046304,190271.95168384633,50.264555671339785
2024-02-22,0.0,0.470847354,Thu,1.0,1.0,157370.88,2400.0,0.0,25365.9590136,4.077331693040392,4473.501361239405,189610.3403748394,50.08977637160556
2024-02-23,0.0,0.471615716,Fri,1.0,1.2,157370.88,2880.0,0.0,25418.514974399997,3.5093919107305513,3854.440012305979,189523.83498670597,50.066924054912405
2024-02-24,0.0,0.47233527,Sat,0.95,0.25,149502.336,600.0,0.0,25467.732468,3.02056160996736,3320.8278323093773,178890.8963003094,47.2579974957295
2024-02-25,0.0,0.473014513,Sun,0.95,0.25,149502.336,600.0,0.0,25514.1926892,2.5998214709822207,2860.9335591671543,178477.46224836714,47.1487797222407
2024-02-26,0.0,0.473661942,Mon,1.0,1.0,157370.88,2400.0,0.0,25558.476832800003,2.237687077355525,2464.6232455637346,187793.98007836373,49.609944518127165
2024-02-27,0.0,0.474286052,Tue,1.0,1.0,157370.88,2400.0,0.0,25601.1659568,1.9259951162231754,2123.1452106230436,187495.19116742304,49.53101280110293
2024-02-28,0.0,0.474895341,Wed,1.0,1.0,157370.88,2400.0,0.0,25642.8413244,1.6577193590889934,1828.9435474047823,187242.6648718048,49.464302379875576
2024-02-29,0.0,0.475498305,Thu,1.0,1.0,157370.88,2400.0,0.0,25684.084062,1.4268122750421313,1575.4964107208957,187030.4604727209,49.40824388183074
2024-03-01,0.0,0.476103442,Fri,1.0,1.2,157370.88,2880.0,0.0,25725.4754328,1.2280687059899456,1357.1759030134199,187333.53133581343,49.488306771476125
2024-03-02,0.0,0.476719247,Sat,0.95,0.25,149502.336,600.0,0.0,25767.596494800004,1.0570085308435453,1169.126678910584,177039.0591737106,46.76879365080945
2024-03-03,0.0,0.477354217,Sun,0.95,0.25,149502.336,600.0,0.0,25811.028442800005,0.9097756736463714,1007.1608470412913,176920.52528984132,46.737480296676274
2024-03-04,0.254,0.47801685,Mon,1.0,1.0,157370.88,2400.0,279.4,25856.352539999996,1.0370511790649122,1149.1139969844583,187055.74653698446,49.41492375647142
2024-03-05,0.0,0.478715641,Tue,1.0,1.0,157370.88,2400.0,0.0,25904.1498444,0.8925982217821808,990.0097908898988,186665.0396352899,49.31170986373733
2024-03-06,0.0,0.479459088,Wed,1.0,1.0,157370.88,2400.0,0.0,25955.001619199997,0.7682664092307457,852.9885217462804,186578.87014094627,49.28894628083781
2024-03-07,1.778,0.480255687,Thu,1.0,1.0,157370.88,2400.0,1955.8,26009.4889908,2.4392530264443404,2711.243959708053,190447.41295050803,50.31090765610807
2024-03-08,4.064,0.481113935,Fri,1.0,1.2,157370.88,2880.0,4470.4,26068.193154,6.163484536379606,6858.927817864553,197648.40097186455,52.21320833723812
2024-03-09,0.0,0.482042328,Sat,0.95,0.25,149502.336,600.0,0.0,26131.695235200004,5.304960303034427,5911.167758128702,182145.1989933287,48.11769372229922
2024-03-10,0.0,0.483049364,Sun,0.95,0.25,149502.336,600.0,0.0,26200.5764976,4.566021647440023,5094.935598818575,181397.8480964186,47.920264408985716
2024-03-11,0.0,0.484143538,Mon,1.0,1.0,157370.88,2400.0,0.0,26275.4179992,3.930011252481111,4391.954489313374,190438.2524885134,50.30848771692192
2024-03-12,0.0,0.485333348,Tue,1.0,1.0,157370.88,2400.0,0.0,26356.8010032,3.382592032450724,3786.4836961226774,189914.1646993227,50.17003830478672
2024-03-13,0.0,0.48662729,Wed,1.0,1.0,157370.88,2400.0,0.0,26445.306635999998,2.911423943322186,3264.968118359544,189481.15475435954,50.055649125024644
2024-03-14,11.684,0.488033861,Thu,1.0,1.0,157370.88,2400.0,12852.4,26541.5160924,14.1898858107723,15944.450201750173,215109.2462941502,56.82587785580695
2024-03-15,0.0,0.489561558,Fri,1.0,1.2,157370.88,2880.0,0.0,26646.010567200003,12.213347901892467,13753.025939880057,200649.91650708005,53.00612523004907
2024-03-16,0.0,0.4914797,Sat,0.95,0.25,149502.336,600.0,0.0,26777.211479999998,10.512125958013092,11869.385769766192,188748.9332497662,49.862216576213996
2024-03-17,0.0,0.494032612,Sun,0.95,0.25,149502.336,600.0,0.0,26951.830660799995,9.04787066124677,10253.018272562778,187307.18493336276,49.481346784988354
2024-03-18,0.0,0.497191298,Mon,1.0,1.0,157370.88,2400.0,0.0,27167.8847832,7.787574447797358,8864.516817320065,195803.28160052007,51.72577913634721
2024-03-19,0.0,0.500926759,Tue,1.0,1.0,157370.88,2400.0,0.0,27423.390315600005,6.70282744422315,7670.5295538247055,194864.79986942472,51.4778583745023
2024-03-20,0.0,0.505209999,Wed,1.0,1.0,157370.88,2400.0,0.0,27716.3639316,5.76917704584365,6642.786496685521,194130.03042828554,51.283752731747825
2024-03-21,0.0,0.510012021,Thu,1.0,1.0,157370.88,2400.0,0.0,28044.8222364,4.965576700765981,5757.2906797160085,193572.99291611603,51.13659891956645
2024-03-22,10.922,0.515303827,Fri,1.0,1.2,157370.88,2880.0,12014.2,28406.781766800003,15.195911473899702,17754.92497037772,218426.78673717775,57.702279736455964
2024-03-23,0.0,0.521056421,Sat,0.95,0.25,149502.336,600.0,0.0,28800.259196400006,13.079242214634531,15411.286144157828,194313.88134055783,51.332321027460125
2024-03-24,12.954,0.527240806,Sun,0.95,0.25,149502.336,600.0,14249.400000000001,29223.2711304,24.21140809973128,28790.578638729126,222365.58576912913,58.742800850932696
2024-03-25,9.398,0.533827983,Mon,1.0,1.0,157370.88,2400.0,10337.8,29673.834037200002,30.236952071920964,36311.284533491256,236093.79857069126,62.36941271109107
2024-03-26,9.398,0.540788957,Tue,1.0,1.0,157370.88,2400.0,10337.8,30149.9646588,35.42318583108455,42988.583042999235,243247.22770179922,64.25914965665521
2024-03-27,0.0,0.54809473,Wed,1.0,1.0,157370.88,2400.0,0.0,30649.679532,30.489018595201564,37415.274885201114,227835.8344172011,60.18788834424834
2024-03-28,0.0,0.555716305,Thu,1.0,1.0,157370.88,2400.0,0.0,31170.995262000004,26.242141498261898,32584.57937323638,223526.4546352364,59.04947010633892
2024-03-29,0.0,0.563624685,Fri,1.0,1.2,157370.88,2880.0,0.0,31711.928453999997,22.58682050602903,28394.33896775714,220357.14742175717,58.21222732062238
2024-03-30,0.0,0.571790873,Sat,0.95,0.25,149502.336,600.0,0.0,32270.4957132,19.44065657162025,24756.923433390675,207129.7551465907,54.71791830913711
2024-03-31,0.0,0.580185872,Sun,0.95,0.25,149502.336,600.0,0.0,32844.7136448,16.732728178133765,21597.091672791,204544.141317591,54.03487107541614
2024-04-01,1.778,0.588780684,Mon,1.0,1.0,157370.88,2400.0,1955.8,33432.59878560001,16.179992610272055,21177.331523039837,216336.61030863985,57.150113279311846
2024-04-02,6.604,0.597546313,Tue,1.0,1.0,157370.88,2400.0,7264.400000000001,34032.16780920001,20.530248698159653,27262.176849334686,228329.62465853468,60.31833398721266
2024-04-03,0.0,0.606453762,Wed,1.0,1.0,157370.88,2400.0,0.0,34641.4373208,17.670548812496172,23816.912895667178,218229.23021646717,57.650090800327355
2024-04-04,0.0,0.615474032,Thu,1.0,1.0,157370.88,2400.0,0.0,35258.4237888,15.209182310723788,20815.74902516398,215845.05281396396,57.020257465892456
2024-04-05,0.0,0.624578129,Fri,1.0,1.2,157370.88,2880.0,0.0,35881.1440236,13.090664529742856,18199.74552860589,214331.7695522059,56.62049013243107
2024-04-06,1.016,0.633737053,Sat,0.95,0.25,149502.336,600.0,1117.6,36507.61442520001,12.283239377454256,17353.40720070707,205080.9576259071,54.17668300815687
2024-04-07,2.794,0.642921808,Sun,0.95,0.25,149502.336,600.0,3073.4,37135.8516672,13.366282108513238,19194.83806828071,209506.42573548073,55.34576855227855
2024-04-08,0.0,0.652103398,Mon,1.0,1.0,157370.88,2400.0,0.0,37763.872423199995,11.504465625944885,16798.00982002788,214332.7622432279,56.6207523737793
2024-04-09,0.0,0.661252824,Tue,1.0,1.0,157370.88,2400.0,0.0,38389.6931616,9.901985328758657,14703.721181096133,212864.29434269614,56.23282401184975
2024-04-10,0.0,0.67034109,Wed,1.0,1.0,157370.88,2400.0,0.0,39011.330556,8.522717754906475,12872.764103836525,211654.97465983653,55.91335539871151
2024-04-11,1.27,0.679339199,Thu,1.0,1.0,157370.88,2400.0,1397.0,39626.801211599995,8.605571152467464,13222.53741543714,214017.21862703713,56.53739452979654
2024-04-12,0.0,0.688218153,Fri,1.0,1.2,157370.88,2880.0,0.0,40234.1216652,7.4068837326221235,11578.189067924677,212063.19073312468,56.02119472742046
2024-04-13,0.0,0.696948956,Sat,0.95,0.25,149502.336,600.0,0.0,40831.308590399996,6.375163909120866,10138.396864745784,201072.0414551458,53.117638896485666
2024-04-14,0.0,0.705502611,Sun,0.95,0.25,149502.336,600.0,0.0,41416.378592400004,5.487154427597482,8877.142002620334,200395.85659502033,52.93900967002791
2024-04-15,0.0,0.713850119,Mon,1.0,1.0,157370.88,2400.0,0.0,41987.3481396,4.722837583709226,7771.821437445505,209530.04957704552,55.352009313930466
2024-04-16,11.684,0.722477691,Tue,1.0,1.0,157370.88,2400.0,12852.4,42577.474064400005,15.748983979658577,26384.499627067402,241585.2536914674,63.82010236446446
2024-04-17,0.254,0.73184268,Wed,1.0,1.0,157370.88,2400.0,279.4,43218.039312,13.809276131882587,23597.667778656265,226865.98709065627,59.93168166477509
2024-04-18,8.89,0.741872808,Thu,1.0,1.0,157370.88,2400.0,9779.0,43904.1000672,20.775754115367512,36279.451607609466,249733.43167480946,65.97262427975026
2024-04-19,0.0,0.752495794,Fri,1.0,1.2,157370.88,2880.0,0.0,44630.7123096,17.88185728334254,31967.265636546963,236848.85794614698,62.568878389962244
2024-04-20,0.0,0.763639359,Sat,0.95,0.25,149502.336,600.0,0.0,45392.9321556,15.39105719706744,28217.13188759834,223712.40004319834,59.098591709536976
2024-04-21,0.0,0.775231225,Sun,0.95,0.25,149502.336,600.0,0.0,46185.81579,13.247205695130237,24949.490593097835,221237.64238309785,58.44482959127224
2024-04-22,0.0,0.787199111,Mon,1.0,1.0,157370.88,2400.0,0.0,47004.4191924,11.401975607142049,22096.804364473253,228872.10355687328,60.461641818686296
2024-04-23,0.0,0.799470739,Tue,1.0,1.0,157370.88,2400.0,0.0,47843.7985476,9.8137713520711,19601.60678911517,227216.28533671517,60.02422071498601
2024-04-24,0.0,0.81197383,Wed,1.0,1.0,157370.88,2400.0,0.0,48699.009972,8.446791281539323,17414.889890626346,225884.77986262634,59.67247401539763
2024-04-25,0.0,0.824636104,Thu,1.0,1.0,157370.88,2400.0,0.0,49565.1095136,7.27022063121853,15494.768055622548,224830.75756922257,59.394030651692304
2024-04-26,17.018,0.837385282,Fri,1.0,1.2,157370.88,2880.0,18719.8,50437.1532888,23.275536887659808,51350.451555934495,280758.2848447345,74.16852727834885
2024-04-27,3.556,0.850149085,Sat,0.95,0.25,149502.336,600.0,3911.6,51310.197414,23.58944025478446,53941.697433684196,259265.8308476842,68.49081891992789
2024-04-28,5.842,0.862855233,Sun,0.95,0.25,149502.336,600.0,6426.2,52179.297937200005,26.145619386695333,62040.101335330146,270747.9352725302,71.52407144075019
2024-04-29,0.0,0.875431447,Mon,1.0,1.0,157370.88,2400.0,0.0,53039.5109748,22.503743154702306,55467.463983677575,268277.8549584776,70.87154494717286
2024-04-30,4.064,0.887805448,Tue,1.0,1.0,157370.88,2400.0,4470.4,53885.89264320001,23.433151232673065,60047.55965805086,278174.73230125086,73.48602457890978
2024-05-01,2.794,0.899904957,Wed,1.0,1.0,157370.88,2400.0,3073.4,54713.4990588,22.963100178736386,61215.54011469996,278773.31917349994,73.64415457599044
2024-05-02,12.446,0.911657694,Thu,1.0,1.0,157370.88,2400.0,13690.6,55517.3862696,32.210523487286075,89367.45754481432,318346.3238144143,84.09824135679209
2024-05-03,0.0,0.92299138,Fri,1.0,1.2,157370.88,2880.0,0.0,56292.610392,27.723854490333792,80066.40223783303,296609.892629833,78.35608101363736
2024-05-04,13.462,0.933833736,Sat,0.95,0.25,149502.336,600.0,14808.199999999999,57034.227542399996,37.324142697077946,112182.94050091322,334127.7040433133,88.26724292568396
2024-05-05,0.0,0.944112483,Sun,0.95,0.25,149502.336,600.0,0.0,57737.2938372,32.12518733260207,100435.34036903275,308274.97020623274,81.4376699502122
2024-05-06,0.508,0.953755341,Mon,1.0,1.0,157370.88,2400.0,558.8,58396.8653244,28.158404981319823,91481.06633677632,310207.6116611763,81.94822005045063
2024-05-07,21.844,0.962690032,Tue,1.0,1.0,157370.88,2400.0,24028.4,59007.998188800004,46.08016377082906,155341.68803504814,398148.96622384817,105.1798791211119
2024-05-08,3.556,0.970844275,Wed,1.0,1.0,157370.88,2400.0,3911.6,59565.74841000001,43.217564512525534,150875.79247701727,374124.02088701725,98.83315701258708
2024-05-09,0.254,0.978145792,Thu,1.0,1.0,157370.88,2400.0,279.4,60065.1721728,37.45170249759524,135049.78007032527,355165.23224312527,93.82477254593961
2024-05-10,0.0,0.984522303,Fri,1.0,1.2,157370.88,2880.0,0.0,60501.3255252,32.234979070378486,119678.20157416473,340430.40709936473,89.93224171209056
2024-05-11,0.0,0.989901529,Sat,0.95,0.25,149502.336,600.0,0.0,60869.2645836,27.74490360576956,105645.33277643722,316616.9333600372,83.64138451582185
2024-05-12,2.54,0.994211191,Sun,0.95,0.25,149502.336,600.0,2794.0,61164.0454644,26.42025983863021,102708.2472249702,316768.62868937023,83.68145820119095
2024-05-13,5.842,0.99737901,Mon,1.0,1.0,157370.88,2400.0,6426.2,61380.724283999996,28.582128382331625,112849.6248383018,340427.4291223018,89.93145501340722
2024-05-14,0.0,0.999332706,Tue,1.0,1.0,157370.88,2400.0,0.0,61514.3570904,24.600865881877862,98076.23511134951,319361.4722017495,84.3664153161083
2024-05-15,0.0,1.0,Wed,1.0,1.0,157370.88,2400.0,0.0,61560.0,21.174161491495347,84696.64596598141,306027.5259659814,80.84395771289806
2024-05-16,0.0,0.999850033,Thu,1.0,1.0,157370.88,2400.0,0.0,61549.7422572,18.224769689842343,72844.45743562814,294165.0796928281,77.71022945805821
2024-05-17,0.0,0.999412894,Fri,1.0,1.2,157370.88,2880.0,0.0,61519.8419496,15.686204640556932,62561.16837562604,284331.89032522606,75.11257441736194
2024-05-18,0.0,0.998707727,Sat,0.95,0.25,149502.336,600.0,0.0,61471.6085268,13.501241453963107,53658.26021136185,265232.2047381619,70.06696889852404
2024-05-19,18.542,0.997753674,Sun,0.95,0.25,149502.336,600.0,20396.2,61406.35130160001,30.16262621106669,119310.45397014215,351215.34127174213,92.78132124967762
2024-05-20,13.716,0.996569879,Mon,1.0,1.0,157370.88,2400.0,15087.599999999999,61325.3797236,39.67721296979262,156032.79504431947,392216.65476791945,103.61272748999961
2024-05-21,40.132,0.995175485,Tue,1.0,1.0,157370.88,2400.0,44145.2,61230.003174,74.28249368541626,290131.2616233121,555277.344797312,146.68882493503006
2024-05-22,0.0,0.993589634,Wed,1.0,1.0,157370.88,2400.0,0.0,61121.5309656,63.935534823781765,247799.70526783244,468692.11623343243,123.81541662156344
2024-05-23,0.0,0.99183147,Thu,1.0,1.0,157370.88,2400.0,0.0,61001.27254800001,55.02982479983102,211481.82119489837,432253.9737428984,114.18947319917747
2024-05-24,7.366,0.989920136,Fri,1.0,1.2,157370.88,2880.0,8102.599999999999,60870.5373024,54.73060914648802,208418.2961827813,437642.3134851813,115.61292263854676
2024-05-25,0.0,0.987874774,Sat,0.95,0.25,149502.336,600.0,0.0,60730.634541600004,47.10707184698447,177657.59494152566,388490.5654831257,102.62839837246842
2024-05-26,3.81,0.985714529,Sun,0.95,0.25,149502.336,600.0,4191.0,60582.8737836,44.35543248472781,165593.80261381442,380470.0123974144,100.50959140421102
2024-05-27,6.604,0.983458543,Mon,1.0,1.0,157370.88,2400.0,7264.400000000001,60428.564341200006,44.78107453738835,165441.1128761856,392904.95721738564,103.79455784641179
2024-05-28,0.0,0.98112596,Tue,1.0,1.0,157370.88,2400.0,0.0,60269.015664,38.5434280472152,140878.93857934073,360918.83424334077,95.34471411111102
2024-05-29,0.0,0.978735921,Wed,1.0,1.0,157370.88,2400.0,0.0,60105.5369964,33.17463595900342,119945.85333122569,339822.2703276257,89.77158889727286
2024-05-30,0.0,0.976307572,Thu,1.0,1.0,157370.88,2400.0,0.0,59939.4379248,28.55367378491179,102117.62298869334,321827.94091349334,85.01798772484179
2024-05-31,0.0,0.973860053,Fri,1.0,1.2,157370.88,2880.0,0.0,59772.027625200004,24.576374782912648,86942.17933256226,306965.08695776225,81.09163524103393
2024-06-01,0.0,0.971412509,Sat,0.95,0.25,149502.336,600.0,0.0,59604.6156156,21.153081807264563,74030.58396494518,283737.5355805452,74.95556243063372
2024-06-02,0.0,0.968984083,Sun,0.95,0.25,149502.336,600.0,0.0,59438.51127720001,18.20662623748439,63048.906669004624,272589.75394620467,72.01062868915248
2024-06-03,0.0,0.966593918,Mon,1.0,1.0,157370.88,2400.0,0.0,59275.0239912,15.67058842639255,53710.9857364987,272756.8897276987,72.05478131238061
2024-06-04,16.002,0.964261157,Tue,1.0,1.0,157370.88,2400.0,17602.199999999997,59115.463138800005,29.48980045387026,100076.16930187536,336564.71244067536,88.91103273903629
2024-06-05,0.0,0.962004943,Wed,1.0,1.0,157370.88,2400.0,0.0,58961.1381012,25.382106473829424,85319.77695260932,304051.7950538093,80.32202457694393
2024-06-06,0.0,0.959844418,Thu,1.0,1.0,157370.88,2400.0,0.0,58813.3581912,21.846581500495084,72774.76148939178,291358.9996805918,76.96894119278805
2024-06-07,0.508,0.957798727,Fri,1.0,1.2,157370.88,2880.0,558.8,58673.4329268,19.311526955096227,63786.70670354811,283269.81963034807,74.83200488991895
2024-06-08,0.0,0.955887012,Sat,0.95,0.25,149502.336,600.0,0.0,58542.67162080001,16.621585287198833,54471.77693699391,263116.78455779393,69.50813374450692
2024-06-09,0.0,0.954128417,Sun,0.95,0.25,149502.336,600.0,0.0,58422.3837228,14.30633103752142,46548.95328028671,255073.67300308673,67.38336745638827
2024-06-10,0.0,0.952542083,Mon,1.0,1.0,157370.88,2400.0,0.0,58313.8784772,12.31357323737206,39808.21753178197,257892.97600898196,68.12814886867788
2024-06-11,0.0,0.951147156,Tue,1.0,1.0,157370.88,2400.0,0.0,58218.4654704,10.598390703700252,34071.190132591786,252060.5356029918,66.58738039023298
2024-06-12,0.0,0.949962777,Wed,1.0,1.0,157370.88,2400.0,0.0,58137.4539468,9.12211941594399,29186.436504116802,247094.7704509168,65.27556340024378
2024-06-13,0.0,0.949008089,Thu,1.0,1.0,157370.88,2400.0,0.0,58072.1532876,7.851480943204883,25025.446953802057,242868.48024140205,64.15909511556266
2024-06-14,0.0,0.948302237,Fri,1.0,1.2,157370.88,2880.0,0.0,58023.8730108,6.757832274565778,21479.1969353046,239753.9499461046,63.33632286756378
2024-06-15,2.54,0.947864362,Sat,0.95,0.25,149502.336,600.0,2794.0,57993.9223608,8.356520142061456,26514.364120351627,237404.62248115163,62.715695916994896
2024-06-16,3.302,0.94758062,Sun,0.95,0.25,149502.336,600.0,3632.2000000000003,57974.514408,10.494523541428952,33260.59525676342,244969.64566476343,64.71416455939078
2024-06-17,0.0,0.947323118,Mon,1.0,1.0,157370.88,2400.0,0.0,57956.901271200004,9.032720120888445,28598.485304685524,246326.26657588553,65.07254605865297
2024-06-18,5.588,0.94708993,Tue,1.0,1.0,157370.88,2400.0,6146.8,57940.951212,13.362534256863796,42268.09713623122,266126.7283482312,70.30327714784691
2024-06-19,5.588,0.94687913,Wed,1.0,1.0,157370.88,2400.0,6146.8,57926.532492000006,17.089239820135752,54011.31821373956,277855.53070573957,73.40170039856702
2024-06-20,9.398,0.94668879,Thu,1.0,1.0,157370.88,2400.0,10337.8,57913.513236,24.10684502423156,76133.5276847213,304155.7209207213,80.34947889943793
2024-06-21,0.0,0.946516985,Fri,1.0,1.2,157370.88,2880.0,0.0,57901.761774000006,20.748953798798823,65484.32067150164,283636.96244550165,74.92899380661584
2024-06-22,0.0,0.946361787,Sat,0.95,0.25,149502.336,600.0,0.0,57891.1462308,17.85879003710115,56328.38940432418,264321.8716351242,69.8264842210287
2024-06-23,0.0,0.946221269,Sun,0.95,0.25,149502.336,600.0,0.0,57881.534799600005,15.371203034233314,48455.44927634876,256439.32007594878,67.74413341644599
2024-06-24,0.254,0.946093506,Mon,1.0,1.0,157370.88,2400.0,279.4,57872.7958104,13.484117058813665,42485.30030528062,260408.37611568064,68.79264759053329
2024-06-25,28.702,0.945976571,Tue,1.0,1.0,157370.88,2400.0,31572.2,57864.7974564,40.30788710757011,126942.26596734938,376150.14342374937,99.36840221369664
2024-06-26,0.0,0.945868536,Wed,1.0,1.0,157370.88,2400.0,0.0,57857.4078624,34.693319946326355,109213.77274661703,326842.06060901703,86.3425786398348
2024-06-27,0.254,0.945767476,Thu,1.0,1.0,157370.88,2400.0,279.4,57850.4953584,30.114817206469645,94763.06723515721,312663.8425935572,82.59708792272362
2024-06-28,32.766,0.945671463,Fri,1.0,1.2,157370.88,2880.0,36042.6,57843.9280692,58.686063378191,184599.22451625165,438736.63258545165,115.90201129744246
2024-06-29,0.0,0.945578572,Sat,0.95,0.25,149502.336,600.0,0.0,57837.5743248,50.51156285459547,158828.01461076766,366767.92493556766,96.8898811319164
2024-06-30,0.0,0.945486875,Sun,0.95,0.25,149502.336,600.0,0.0,57831.30225,43.475705050645985,136655.28660070786,344588.9248507079,91.03080639896547
2024-07-01,0.0,0.945394445,Mon,1.0,1.0,157370.88,2400.0,0.0,57824.980038,37.41988611779417,117577.59525017177,335173.45528817177,88.54350130849018
2024-07-02,46.99,0.945299357,Tue,1.0,1.0,157370.88,2400.0,51689.0,57818.4760188,79.19759445850273,248755.06720570862,518033.42322450865,136.85001709841436
2024-07-03,0.0,0.945199683,Wed,1.0,1.0,157370.88,2400.0,0.0,57811.6583172,68.16600126411026,214021.7157237219,431604.2540409219,114.01783533115882
2024-07-04,0.508,0.945093498,Thu,1.0,1.0,157370.88,2400.0,558.8,57804.3952632,59.17902100902028,185727.7724803435,403861.84774354345,106.68906346830157
2024-07-05,0.0,0.944978873,Fri,1.0,1.2,157370.88,2880.0,0.0,57796.55491320001,50.93585541948982,159785.52371306816,377832.9586262682,99.81295516899576
2024-07-06,0.0,0.944853883,Sat,0.95,0.25,149502.336,600.0,0.0,57788.0055972,43.840897045588406,137461.3027580221,345351.6443552221,91.23229567080504
2024-07-07,35.814,0.944716602,Sun,0.95,0.25,149502.336,600.0,39395.4,57778.615576799995,73.54820978076769,230483.33062620138,477759.68220300134,126.21081526254788
2024-07-08,0.0,0.944565101,Mon,1.0,1.0,157370.88,2400.0,0.0,57768.252908400005,63.303530810090194,198261.18062306033,415800.31353146036,109.8428739638402
2024-07-09,0.0,0.944397455,Tue,1.0,1.0,157370.88,2400.0,0.0,57756.785922,54.48585390411404,170533.05601198628,388060.7219339863,102.5148456663839
2024-07-10,3.81,0.944211738,Wed,1.0,1.0,157370.88,2400.0,4191.0,57744.0828792,50.706409057601334,158588.69726430636,380294.66014350636,100.46326821757917
2024-07-11,0.0,0.944006022,Thu,1.0,1.0,157370.88,2400.0,0.0,57730.0119048,43.64341073174927,136388.86687170202,353889.758776502,93.48782794373714
2024-07-12,0.0,0.943778381,Fri,1.0,1.2,157370.88,2880.0,0.0,57714.4412604,37.56423173521156,117286.68917734553,335252.01043774554,88.56425339335648
2024-07-13,0.0,0.943526888,Sat,0.95,0.25,149502.336,600.0,0.0,57697.2391392,32.33183388277588,100850.59952101609,308650.1746602161,81.53678852758779
2024-07-14,0.0,0.943249616,Sun,0.95,0.25,149502.336,600.0,0.0,57678.273734400005,27.828267315355145,86709.1745120199,294489.7842464199,77.79600736681626
2024-07-15,0.0,0.94294464,Mon,1.0,1.0,157370.88,2400.0,0.0,57657.413376000004,23.952011648414906,74542.73398046213,291971.02735646215,77.13062187622006
2024-07-16,0.0,0.942177767,Tue,1.0,1.0,157370.88,2400.0,0.0,57604.9592628,20.61568747721661,63968.68799818862,281344.5272609886,74.32339621361719
2024-07-17,0.0,0.940543988,Wed,1.0,1.0,157370.88,2400.0,0.0,57493.2087792,17.74408665112651,54711.66079936977,271975.7495785698,71.84842581875405
2024-07-18,0.0,0.938085152,Thu,1.0,1.0,157370.88,2400.0,0.0,57325.0243968,15.27247691500198,46648.67847431691,263744.58287111693,69.67398059156523
2024-07-19,0.0,0.934843109,Fri,1.0,1.2,157370.88,2880.0,0.0,57103.268655600004,13.145142700509764,39659.969313819616,257014.11796941963,67.89597902721756
2024-07-20,3.556,0.930859705,Sat,0.95,0.25,149502.336,600.0,3911.6,56830.803822,14.87012917357438,44200.380098637805,255045.11992063784,67.37582452644175
2024-07-21,0.0,0.926176791,Sun,0.95,0.25,149502.336,600.0,0.0,56510.492504400005,12.79883879016642,37392.99918924381,244005.8276936438,64.45955066786526
2024-07-22,5.588,0.920836214,Mon,1.0,1.0,157370.88,2400.0,6146.8,56145.1970376,16.604062635674673,47582.28242591517,269645.15946351516,71.23274875469636
2024-07-23,0.0,0.914879824,Tue,1.0,1.0,157370.88,2400.0,0.0,55737.779961600005,14.291249151586461,40098.878591002176,255607.53855260217,67.52439988075325
2024-07-24,1.016,0.908349468,Wed,1.0,1.0,157370.88,2400.0,1117.6,55291.10361120001,13.316592137848309,36527.53052505541,252707.1141362554,66.75818844887486
2024-07-25,0.0,0.901286995,Thu,1.0,1.0,157370.88,2400.0,0.0,54808.030458,11.461697071845252,30696.211761775165,245275.12221977516,64.7948629659073
2024-07-26,0.0,0.893734255,Fri,1.0,1.2,157370.88,2880.0,0.0,54291.423042,9.865174093104935,25768.925853865734,240311.22889586576,63.48354046083932
2024-07-27,0.0,0.885733095,Sat,0.95,0.25,149502.336,600.0,0.0,53744.143698,8.491034030757254,21614.83476793652,225461.31446593654,59.560606239730056
2024-07-28,1.524,0.877325365,Sun,0.95,0.25,149502.336,600.0,1676.4,53169.054966,8.832300718369378,21897.725474131254,226845.51644013126,59.9262738884642
2024-07-29,12.446,0.868552912,Mon,1.0,1.0,157370.88,2400.0,13690.6,52569.0191808,20.048031678485295,48389.09715444004,274419.59633524006,72.49402213637097
2024-07-30,26.924,0.859457585,Tue,1.0,1.0,157370.88,2400.0,29616.399999999998,51946.898814,44.179500777294535,103786.19245369371,345120.3712676937,91.17119975582399
2024-07-31,90.17,0.850081234,Wed,1.0,1.0,157370.88,2400.0,99187.0,51305.5564056,128.19564871349445,293086.65020496666,603350.0866105666,159.38830578736957
2024-08-01,0.0,0.840465706,Thu,1.0,1.0,157370.88,2400.0,0.0,50647.854290400006,110.33901739068938,245515.42199351784,455934.15628391784,120.44511856943313
2024-08-02,0.0,0.83065285,Fri,1.0,1.2,157370.88,2880.0,0.0,49976.65494,94.96967237906951,205702.7863982587,415930.3213382587,109.87721840917065
2024-08-03,0.0,0.820684515,Sat,0.95,0.25,149502.336,600.0,0.0,49294.820825999996,81.74115453513963,172397.18971165046,371794.34653765045,98.21772186834464
2024-08-04,0.0,0.81060255,Sun,0.95,0.25,149502.336,600.0,0.0,48605.214420000004,70.35526371058796,144541.80675417976,343249.35717417975,90.67692988980843
2024-08-05,0.0,0.800448802,Mon,1.0,1.0,157370.88,2400.0,0.0,47910.6980568,60.55533665919147,121246.71273630665,328928.29079310666,86.8937026089926
2024-08-06,0.0,0.790265121,Tue,1.0,1.0,157370.88,2400.0,0.0,47214.1342764,52.12046127767081,101764.26552677409,308749.2798031741,81.56296934894083
2024-08-07,0.0,0.780093355,Wed,1.0,1.0,157370.88,2400.0,0.0,46518.385482,44.86049675664462,85467.56245144847,291756.8279334485,77.0740363483608
2024-08-08,0.254,0.769975353,Thu,1.0,1.0,157370.88,2400.0,279.4,45826.3141452,38.86578738483447,72304.29726477417,278180.89140997414,73.48765164406872
2024-08-09,0.0,0.759952963,Fri,1.0,1.2,157370.88,2880.0,0.0,45140.7826692,33.45209321216742,60815.486344778954,266207.14901397895,70.32452205018187
2024-08-10,0.0,0.750068035,Sat,0.95,0.25,149502.336,600.0,0.0,44464.653593999996,28.792483455827025,51194.37727582129,245761.3668698213,64.92331527359555
2024-08-11,0.0,0.740362415,Sun,0.95,0.25,149502.336,600.0,0.0,43800.789186,24.781920171516838,43132.974291502884,237036.0994775029,62.61834239289876
2024-08-12,13.462,0.730877954,Mon,1.0,1.0,157370.88,2400.0,14808.199999999999,43152.052053600004,34.79199636275358,59331.24935723627,277062.3814108363,73.19217242275904
2024-08-13,0.0,0.7216565,Tue,1.0,1.0,157370.88,2400.0,0.0,42521.3046,29.9457487851736,50082.417819284434,252374.60241928443,66.67034810477186
2024-08-14,25.908,0.712739901,Wed,1.0,1.0,157370.88,2400.0,28498.800000000003,41911.4092284,51.682544839419904,84854.13838808074,315035.2276164807,83.22354186639775
2024-08-15,2.54,0.704170006,Thu,1.0,1.0,157370.88,2400.0,2794.0,41325.2284104,47.023578585234425,75870.48650426652,279760.5949146665,73.90496535769348
2024-08-16,0.0,0.695598391,Fri,1.0,1.2,157370.88,2880.0,0.0,40738.9299444,40.4735691683618,64192.60913715571,265182.41908155574,70.05381691324209
2024-08-17,0.0,0.686670442,Sat,0.95,0.25,149502.336,600.0,0.0,40128.258232800006,34.835923817600296,54290.150683433356,244520.74491623335,64.5955774714584
2024-08-18,0.0,0.677418726,Sun,0.95,0.25,149502.336,600.0,0.0,39495.4408584,29.98355749594423,45900.69945130752,235498.4763097075,62.212145133474976
2024-08-19,0.0,0.667875809,Mon,1.0,1.0,157370.88,2400.0,0.0,38842.7053356,25.807087098358522,38798.592561424855,237412.17789702487,62.71769184765319
2024-08-20,2.286,0.658074257,Tue,1.0,1.0,157370.88,2400.0,2514.6,38172.2791788,24.49836571385339,36164.904185189655,236622.66336398968,62.50912407480027
2024-08-21,1.27,0.648046635,Wed,1.0,1.0,157370.88,2400.0,1397.0,37486.389834,22.355938779291765,32402.64876985289,231056.9186038529,61.038809165678984
2024-08-22,0.0,0.63782551,Thu,1.0,1.0,157370.88,2400.0,0.0,36787.264884000004,19.24193482780669,27382.15293661823,223940.29782061823,59.15879596149908
2024-08-23,0.0,0.627443447,Fri,1.0,1.2,157370.88,2880.0,0.0,36077.1317748,16.561686788144343,23140.682542350492,219468.6943171505,57.9775227299422
2024-08-24,0.0,0.616933013,Sat,0.95,0.25,149502.336,600.0,0.0,35358.2180892,14.254775921609331,19558.33719203085,205018.89128123087,54.16028680677414
2024-08-25,0.0,0.606326774,Sun,0.95,0.25,149502.336,600.0,0.0,34632.7513416,12.269199337881005,16533.269550385292,201268.3568919853,53.16949997278639
2024-08-26,0.0,0.595657295,Mon,1.0,1.0,157370.88,2400.0,0.0,33902.958978,10.560197734463221,13979.08524033657,207652.9242183366,54.856125021684996
2024-08-27,2.032,0.584957143,Tue,1.0,1.0,157370.88,2400.0,2235.2,33171.0685812,11.121246422678318,14465.653957091085,209642.80253829111,55.3817955091499
2024-08-28,0.0,0.574258883,Wed,1.0,1.0,157370.88,2400.0,0.0,32439.307597200004,9.572145503787867,12237.834777014174,204448.0223742142,54.009479124907
2024-08-29,22.606,0.563595081,Thu,1.0,1.0,157370.88,2400.0,24866.600000000002,31709.903540400002,30.84482198661147,38773.83227656853,255121.21581696853,67.39592694502538
2024-08-30,3.302,0.552998305,Fri,1.0,1.2,157370.88,2880.0,3632.2000000000003,30985.084062,29.850384315287492,36909.18839436734,231777.35245636737,61.22912774477992
2024-08-31,0.0,0.542501118,Sat,0.95,0.25,149502.336,600.0,0.0,30267.076471200002,25.692463879521384,31260.84570835378,211630.25817955378,55.90682599231095
2024-09-01,0.0,0.532136088,Sun,0.95,0.25,149502.336,600.0,0.0,29558.1084192,22.11370859511674,26488.879782582702,206149.3242017827,54.458915732188245
2024-09-02,0.0,0.52193578,Mon,1.0,1.0,157370.88,2400.0,0.0,28860.407352,19.03344537615634,22456.215579292875,211087.5029312929,55.76344515687677
2024-09-03,0.0,0.511932761,Tue,1.0,1.0,157370.88,2400.0,0.0,28176.200852399998,16.382238254108394,19047.25273991241,206994.3335923124,54.68214370234992
2024-09-04,0.0,0.502159596,Wed,1.0,1.0,157370.88,2400.0,0.0,27507.716366400004,14.100323137006807,16164.524789546935,203443.12115594695,53.744012182550094
2024-09-05,0.0,0.492648851,Thu,1.0,1.0,157370.88,2400.0,0.0,26857.1814084,12.136260594192553,13725.867963994844,200353.92937239486,52.927933664357326
2024-09-06,0.0,0.483433092,Fri,1.0,1.2,157370.88,2880.0,0.0,26226.8234928,10.445776297394643,11662.02478040713,198139.72827320715,52.343003339983554
2024-09-07,0.0,0.474544886,Sat,0.95,0.25,149502.336,600.0,0.0,25618.8702024,8.990762979119376,9914.61807145728,185635.8242738573,49.03981980125199
2024-09-08,0.0,0.466016798,Sun,0.95,0.25,149502.336,600.0,0.0,25035.5489832,7.738421410275161,8434.439795558332,183572.32477875834,48.49470064768634
2024-09-09,0.0,0.457881394,Mon,1.0,1.0,157370.88,2400.0,0.0,24479.0873496,6.660521032762277,7180.007054303421,191429.9744039034,50.57047305414827
2024-09-10,0.0,0.45017124,Tue,1.0,1.0,157370.88,2400.0,0.0,23951.712816,5.732763580045356,6116.344302446181,189838.93711844616,50.150165270986804
2024-09-11,0.0,0.442918903,Wed,1.0,1.0,157370.88,2400.0,0.0,23455.652965199995,4.934235340304108,5213.956982792409,188440.4899479924,49.78073443774714
2024-09-12,0.0,0.436156947,Thu,1.0,1.0,157370.88,2400.0,0.0,22993.135174799998,4.246935714958155,4447.966841647146,187211.98201644715,49.456196823183525
2024-09-13,0.0,0.42991794,Fri,1.0,1.2,157370.88,2880.0,0.0,22566.387096,3.655371445228939,3797.383821904839,186614.65091790483,49.29839856657663
2024-09-14,0.0,0.424234447,Sat,0.95,0.25,149502.336,600.0,0.0,22177.6361748,3.14620735970494,3244.492976042148,175524.46515084215,46.368680050732195
2024-09-15,0.0,0.419139034,Sun,0.95,0.25,149502.336,600.0,0.0,21829.109925599998,2.707965769985263,2774.3384678140137,174705.78439341404,46.152407372890664
2024-09-16,0.0,0.414344734,Mon,1.0,1.0,157370.88,2400.0,0.0,21501.179805599997,2.330767738112339,2373.323607926878,183645.38341352687,48.51400070627142
2024-09-17,0.0,0.409550472,Tue,1.0,1.0,157370.88,2400.0,0.0,21173.252284799997,2.00611038338748,2030.3488709401624,182974.48115574016,48.33676699637296
2024-09-18,0.0,0.404767651,Wed,1.0,1.0,157370.88,2400.0,0.0,20846.1073284,1.7266752085707349,1737.0271325023625,182354.01446090237,48.17285695892978
2024-09-19,0.0,0.400007675,Thu,1.0,1.0,157370.88,2400.0,0.0,20520.524970000002,1.4861631247122322,1486.1773827264976,181777.5823527265,48.02057963410212
2024-09-20,0.0,0.395281946,Fri,1.0,1.2,157370.88,2880.0,0.0,20197.285106400002,1.2791524557086063,1271.6527974987932,181719.8179038988,48.0053198739103
2024-09-21,7.366,0.390601869,Sat,0.95,0.25,149502.336,600.0,8102.599999999999,19877.1678396,8.466976721692097,8368.664465514657,186450.76830511467,49.25510534000668
2024-09-22,7.874,0.385978846,Sun,0.95,0.25,149502.336,600.0,8661.4,19560.9530664,15.161594400565676,14900.442649249064,193225.13171564907,51.04470366899466
2024-09-23,0.0,0.381424281,Mon,1.0,1.0,157370.88,2400.0,0.0,19249.420820399995,13.04970523588837,12753.57177887498,191773.872599275,50.66132138903712
2024-09-24,0.0,0.376949577,Tue,1.0,1.0,157370.88,2400.0,0.0,18943.3510668,11.231985386524961,10917.421409575012,189631.65247637502,50.09540643586165
2024-09-25,0.0,0.372566136,Wed,1.0,1.0,157370.88,2400.0,0.0,18643.5237024,9.667459413271718,9346.93135863409,187761.3350610341,49.60132061283563
2024-09-26,0.0,0.368285364,Thu,1.0,1.0,157370.88,2400.0,0.0,18350.718897600003,8.320859428768479,8003.571483398524,186125.17038099855,49.16909142761248
2024-09-27,0.0,0.364118662,Fri,1.0,1.2,157370.88,2880.0,0.0,18065.7164808,7.161830081052679,6854.398829564662,185170.99531036467,48.9170249220995
2024-09-28,0.0,0.360077434,Sat,0.95,0.25,149502.336,600.0,0.0,17789.296485599996,6.164244276562959,5871.250066223804,173762.88255182383,45.903318940834374
2024-09-29,0.0,0.356173084,Sun,0.95,0.25,149502.336,600.0,0.0,17522.238945599995,5.305614217470249,5030.049757237419,172654.62470283743,45.61054805234768
2024-09-30,0.0,0.352417014,Mon,1.0,1.0,157370.88,2400.0,0.0,17265.323757599996,4.566584476810835,4310.218163639104,181346.4219212391,47.90667904434106
2024-10-01,0.0,0.348820629,Tue,1.0,1.0,157370.88,2400.0,0.0,17019.3310236,3.930495684209935,3694.164419978581,180484.3754435786,47.67895034978473
2024-10-02,0.0,0.34539533,Wed,1.0,1.0,157370.88,2400.0,0.0,16785.040571999998,3.3830089867037563,3166.8527968177436,179722.77336881775,47.47775627179559
2024-10-03,0.0,0.342152522,Thu,1.0,1.0,157370.88,2400.0,0.0,16563.232504800002,2.9117828191735753,2715.431723095723,179049.5442278957,47.29990786411398
2024-10-04,5.08,0.339103608,Fri,1.0,1.2,157370.88,2880.0,5588.0,16354.6867872,7.5861946980801385,7049.577411243363,189243.14419844336,49.99277335835309
2024-10-05,0.0,0.336259991,Sat,0.95,0.25,149502.336,600.0,0.0,16160.183384399998,6.529498287351058,6047.651579702205,172310.17096410223,45.51955295835913
2024-10-06,0.0,0.333633074,Sun,0.95,0.25,149502.336,600.0,0.0,15980.502261599999,5.619991257976809,5189.479043411045,171272.31730501103,45.24538089797698
2024-10-07,0.0,0.331234261,Mon,1.0,1.0,157370.88,2400.0,0.0,15816.423452399998,4.837171303179735,4454.292876464121,180041.5963288641,47.56198042718335
2024-10-08,0.0,0.329074954,Tue,1.0,1.0,157370.88,2400.0,0.0,15668.726853599997,4.16339192398119,3824.3400559925476,179263.94690959255,47.35654708726203
2024-10-09,0.0,0.327166558,Wed,1.0,1.0,157370.88,2400.0,0.0,15538.1925672,3.583464637954278,3284.4430247706096,178593.51559197062,47.17943778665207
2024-10-10,0.0,0.325520475,Thu,1.0,1.0,157370.88,2400.0,0.0,15425.600489999997,3.084316597124379,2821.624986244822,178018.10547624482,47.02743044379468
2024-10-11,0.0,0.324148109,Fri,1.0,1.2,157370.88,2880.0,0.0,15331.7306556,2.654695896965144,2424.7897839751486,178007.40043957514,47.02460247095431
2024-10-12,0.0,0.323060864,Sat,0.95,0.25,149502.336,600.0,0.0,15257.3630976,2.284917933500773,2084.448363358958,167444.14746095898,44.23408493689164
2024-10-13,0.0,0.322270141,Sun,0.95,0.25,149502.336,600.0,0.0,15203.277644400001,1.9666470908407756,1792.4850756075516,167098.09872000755,44.14266848769554
2024-10-14,0.0,0.321787345,Mon,1.0,1.0,157370.88,2400.0,0.0,15170.254398,1.6927088378997905,1541.958046960542,176483.09244496052,46.62192270981493
2024-10-15,0.0,0.321623879,Tue,1.0,1.0,157370.88,2400.0,0.0,15159.0733236,1.4569279985455401,1326.9286026463283,176256.88192624634,46.56216418465803
2024-10-16,0.0,0.32183549,Wed,1.0,1.0,157370.88,2400.0,0.0,15173.547516,1.2539895494251412,1142.3732434143951,176086.8007594144,46.51723347257349
2024-10-17,0.0,0.322453578,Thu,1.0,1.0,157370.88,2400.0,0.0,15215.824735200002,1.0793188075438833,983.9423013852897,175970.6470365853,46.486548890763565
2024-10-18,0.0,0.323453027,Fri,1.0,1.2,157370.88,2880.0,0.0,15284.1870468,0.9289783067586022,847.8526174853174,176382.91966428532,46.59545984828204
2024-10-19,0.0,0.32480872,Sat,0.95,0.25,149502.336,600.0,0.0,15376.916448,0.7995790385529731,730.883916990556,166210.13636499058,43.908093539402756
2024-10-20,0.0,0.326495541,Sun,0.95,0.25,149502.336,600.0,0.0,15492.295004399999,0.6882040562648228,630.2924264887563,166224.92343088877,43.911999870790424
2024-10-21,0.0,0.328488373,Mon,1.0,1.0,157370.88,2400.0,0.0,15628.6047132,0.5923427206352123,543.7382151049259,175943.22292830495,46.47930420438075
2024-10-22,1.524,0.3307621,Tue,1.0,1.0,157370.88,2400.0,1676.4,15784.12764,2.0338341044280472,1871.8319617016675,179103.23960170164,47.3140926878995
2024-10-23,0.254,0.333291605,Wed,1.0,1.0,157370.88,2400.0,279.4,15957.145782,2.004537236406534,1850.252978252538,177857.67876025254,46.98505016900482
2024-10-24,0.508,0.336051771,Thu,1.0,1.0,157370.88,2400.0,558.8,16145.941136399999,2.233321188416146,2068.0139049546183,178543.63504135463,47.166260733012976
2024-10-25,0.0,0.339017483,Fri,1.0,1.2,157370.88,2880.0,0.0,16348.7958372,1.9222373607888659,1786.087241340689,178385.7630785407,47.12455535293157
2024-10-26,0.0,0.342163624,Sat,0.95,0.25,149502.336,600.0,0.0,16563.9918816,1.6544850290132287,1542.937628015186,168209.2655096152,44.43620783735849
2024-10-27,0.0,0.345465077,Sun,0.95,0.25,149502.336,600.0,0.0,16789.8112668,1.424028461347529,1333.1494575769648,168225.296724377,44.44044283825979
2024-10-28,0.0,0.348896725,Mon,1.0,1.0,157370.88,2400.0,0.0,17024.53599,1.2256726553381205,1152.0788993209978,177947.494889321,47.0087770913378
2024-10-29,0.0,0.352433453,Tue,1.0,1.0,157370.88,2400.0,0.0,17266.4481852,1.0549462309356008,995.7412638992236,178033.06944909922,47.03138350907807
2024-10-30,44.704,0.356050144,Wed,1.0,1.0,157370.88,2400.0,49174.4,17513.829849600002,45.61200063566582,43236.692617591565,269695.8024671916,71.2461272272202
2024-10-31,0.0,0.35972168,Thu,1.0,1.0,157370.88,2400.0,0.0,17764.962911999995,39.258612767822385,37376.77084689976,214912.61375889974,56.77393301092874
2024-11-01,0.0,0.363422947,Fri,1.0,1.2,157370.88,2880.0,0.0,18018.1295748,33.79020115264734,32312.816643941434,210581.82621874142,55.62985943893566
2024-11-02,20.32,0.367128826,Sat,0.95,0.25,149502.336,600.0,22352.0,18271.6116984,49.40349565709075,47453.67322038283,238179.62091878284,62.92042894132547
2024-11-03,15.24,0.370814202,Sun,0.95,0.25,149502.336,600.0,16764.0,18523.691416799997,57.761982775338716,55728.86840528229,241118.8958220823,63.69690359091414
2024-11-04,5.334,0.374453959,Mon,1.0,1.0,157370.88,2400.0,5867.4,18772.650795600002,55.050199308860826,53346.70298187363,237757.63377747362,62.80895167959973
2024-11-05,2.54,0.378022978,Tue,1.0,1.0,157370.88,2400.0,2794.0,19016.771695199997,49.92214564892572,48587.388029370704,230169.0397245707,60.80425626935278
2024-11-06,0.0,0.381496146,Wed,1.0,1.0,157370.88,2400.0,0.0,19254.336386399995,42.96838896028385,41997.00587876167,221022.22226516166,58.38792158977803
2024-11-07,0.0,0.384848343,Thu,1.0,1.0,157370.88,2400.0,0.0,19483.626661199996,36.98323511225072,36295.808069246894,215550.3147304469,56.9423958647668
2024-11-08,0.0,0.388054455,Fri,1.0,1.2,157370.88,2880.0,0.0,19702.924722000003,31.83176545511746,31363.44859690556,211317.25331890557,55.82413881690638
2024-11-09,4.064,0.391089365,Sat,0.95,0.25,149502.336,600.0,4470.4,19910.512566,31.46185443091121,31115.283265782466,205598.53183178246,54.31341171280851
2024-11-10,0.0,0.393927955,Sun,0.95,0.25,149502.336,600.0,0.0,20104.672122,27.079469061809327,26875.48263684974,197082.49075884974,52.063710604359834
2024-11-11,0.0,0.39654511,Mon,1.0,1.0,157370.88,2400.0,0.0,20283.685523999997,23.307515018854865,23207.291718747136,203261.85724274715,53.69612730001431
2024-11-12,0.0,0.398915714,Tue,1.0,1.0,157370.88,2400.0,0.0,20445.834837599996,20.060964087375208,20033.811111232015,200250.52594883202,52.90061735686016
2024-11-13,10.668,0.401014649,Wed,1.0,1.0,157370.88,2400.0,11734.8,20589.401991599996,27.934631804780473,27970.106605652123,220065.18859725213,58.13509992239999
2024-11-14,0.0,0.402816799,Thu,1.0,1.0,157370.88,2400.0,0.0,20712.6690516,24.043560412871656,24128.516890683106,204612.0659422831,54.05281487138332
2024-11-15,0.0,0.404297047,Fri,1.0,1.2,157370.88,2880.0,0.0,20813.9180148,20.694484229016396,20806.240973210413,201871.03898801043,53.32871181404668
2024-11-16,0.254,0.405607321,Sat,0.95,0.25,149502.336,600.0,279.4,20903.540756399998,18.06590764391698,18193.42813346041,189478.7048898604,50.055001938986905
2024-11-17,0.0,0.406914366,Sun,0.95,0.25,149502.336,600.0,0.0,20992.9426344,15.549470810477764,15685.035909227192,186780.3145436272,49.342162287209895
2024-11-18,12.7,0.408215291,Mon,1.0,1.0,157370.88,2400.0,13970.0,21081.9259044,26.083553555766816,26354.187707120083,221176.9936115201,58.42880787326079
2024-11-19,0.0,0.409507205,Tue,1.0,1.0,157370.88,2400.0,0.0,21170.292821999996,22.450322598958678,22720.331156423686,203661.5039784237,53.80170284815217
2024-11-20,0.0,0.410787218,Wed,1.0,1.0,157370.88,2400.0,0.0,21257.8457112,19.32317173423947,19587.28715495079,200616.0128661508,52.99716883142138
2024-11-21,0.0,0.412052439,Thu,1.0,1.0,157370.88,2400.0,0.0,21344.3868276,16.631608041491127,16886.004972598552,198001.27180019856,52.3064269921088
2024-11-22,0.0,0.413299977,Fri,1.0,1.2,157370.88,2880.0,0.0,21429.718426800002,14.314957702086549,14556.966857581037,196237.56528438107,51.84050480248667
2024-11-23,0.0,0.414526942,Sat,0.95,0.25,149502.336,600.0,0.0,21513.6428328,12.320998276373208,12548.869144151558,184164.84797695157,48.651228790791905
2024-11-24,0.0,0.415730444,Sun,0.95,0.25,149502.336,600.0,0.0,21595.962369599994,10.604781493993809,10817.486322515173,182515.78469211518,48.215592153060086
2024-11-25,0.0,0.416907592,Mon,1.0,1.0,157370.88,2400.0,0.0,21676.4792928,9.127620020125313,9324.69264355357,190772.0519363536,50.396668243691856
2024-11-26,0.0,0.418055495,Tue,1.0,1.0,157370.88,2400.0,0.0,21754.995858,7.856215357098905,8037.619352129246,189563.49521012927,50.07740118246882
2024-11-27,0.0,0.419171263,Wed,1.0,1.0,157370.88,2400.0,0.0,21831.314389199997,6.761907222368061,6927.9286501137685,188530.12303931377,49.804413006600015
2024-11-28,0.0,0.420252005,Thu,1.0,1.0,157370.88,2400.0,0.0,21905.237141999998,5.820027482138396,5971.188147410006,187647.30528941,49.57119711983907
2024-11-29,0.0,0.42129483,Fri,1.0,1.2,157370.88,2880.0,0.0,21976.566372,5.009344076889564,5146.3319057091285,187373.77827770915,49.49893889372859
2024-11-30,0.0,0.422296849,Sat,0.95,0.25,149502.336,600.0,0.0,22045.1044716,4.311582403636466,4435.19602366787,176582.63649526789,46.64821947827789
2024-12-01,0.0,0.42325517,Sun,0.95,0.25,149502.336,600.0,0.0,22110.653628000004,3.7110133658238293,3822.1183817329866,176035.108009733,46.50357768636238
2024-12-02,0.762,0.424166903,Mon,1.0,1.0,157370.88,2400.0,838.2,22173.016165199995,3.956098804584571,4079.3297629421145,186861.42592814213,49.363589658225166
2024-12-03,0.0,0.425029158,Tue,1.0,1.0,157370.88,2400.0,0.0,22231.9944072,3.405045796631576,3515.0182299442713,185517.89263714428,49.00866554406109
2024-12-04,0.0,0.425839043,Wed,1.0,1.0,157370.88,2400.0,0.0,22287.3905412,2.930750077253413,3028.569240805476,185086.8397820055,48.89479337297823
2024-12-05,0.0,0.426593668,Thu,1.0,1.0,157370.88,2400.0,0.0,22339.0068912,2.522519968400367,2609.257115211068,184719.14400641108,48.79765837951796
2024-12-06,0.0,0.427290143,Fri,1.0,1.2,157370.88,2880.0,0.0,22386.6457812,2.171153057493681,2247.832650586913,184885.3584317869,48.84156760609469
2024-12-07,0.0,0.427925577,Sat,0.95,0.25,149502.336,600.0,0.0,22430.1094668,1.8687287546244626,1936.3198147279777,174468.765281528,46.089793518146784
2024-12-08,0.0,0.42849708,Sun,0.95,0.25,149502.336,600.0,0.0,22469.200272,1.60842974488014,1667.840474154151,174239.37674615416,46.02919544941081
2024-12-09,0.0,0.42900176,Mon,1.0,1.0,157370.88,2400.0,0.0,22503.720384000004,1.384388310937657,1436.4632644947744,183711.0636484948,48.531351596919436
2024-12-10,0.254,0.429436728,Tue,1.0,1.0,157370.88,2400.0,279.4,22533.4721952,1.4455540616936549,1500.7764986687866,184084.5286938688,48.63001067093626
2024-12-11,0.0,0.429799093,Wed,1.0,1.0,157370.88,2400.0,0.0,22558.2579612,1.2441999112533688,1292.3380379798684,183621.47599917988,48.507685032580326
2024-12-12,0.762,0.430085964,Thu,1.0,1.0,157370.88,2400.0,838.2,22577.879937600002,1.8328927878831234,1904.5168184289328,185091.47675602895,48.896018332500034
2024-12-13,0.0,0.430294451,Fri,1.0,1.2,157370.88,2880.0,0.0,22592.140448399998,1.5775854424629658,1639.6768291589551,184482.69727755897,48.73519573244615
2024-12-14,4.826,0.430421662,Sat,0.95,0.25,149502.336,600.0,5308.599999999999,22600.8416808,6.183840373819929,6428.289434331692,184440.0671151317,48.72393402963793
2024-12-15,0.0,0.430464709,Sun,0.95,0.25,149502.336,600.0,0.0,22603.7860956,5.322480734686124,5533.189494422939,178239.31159002293,47.085866944405744
2024-12-16,0.0,0.430420699,Mon,1.0,1.0,157370.88,2400.0,0.0,22600.775811600004,4.5811016227130485,4762.1879816781075,187133.84379327812,49.43555487867315
2024-12-17,0.762,0.430286742,Tue,1.0,1.0,157370.88,2400.0,838.2,22591.613152799997,4.704990707482898,4890.123077477663,188090.8162302777,49.68836037054842
2024-12-18,0.0,0.430059949,Wed,1.0,1.0,157370.88,2400.0,0.0,22576.1005116,4.0496230309363055,4207.728147849065,186554.70865944907,49.28256348967459
2024-12-19,0.0,0.429737428,Thu,1.0,1.0,157370.88,2400.0,0.0,22554.040075199995,3.485542844241497,3620.1087483103065,185945.0288235103,49.12150304022822
2024-12-20,0.0,0.429316288,Fri,1.0,1.2,157370.88,2880.0,0.0,22525.234099200003,3.000034528209939,3114.1538158885487,185890.26791508854,49.10703673184372
2024-12-21,0.0,0.42879364,Sat,0.95,0.25,149502.336,600.0,0.0,22489.484976,2.5821536479808795,2678.5605325981796,175270.3815085982,46.3015582218566
2024-12-22,0.0,0.428166592,Sun,0.95,0.25,149502.336,600.0,0.0,22446.5948928,2.222480241172204,2303.5854298467516,174852.51632264676,46.19116986605064
2024-12-23,0.0,0.427432254,Mon,1.0,1.0,157370.88,2400.0,0.0,22396.3661736,1.9129064710240025,1980.8297521382701,184148.07592573826,48.64679808151251
2024-12-24,0.0,0.426587735,Tue,1.0,1.0,157370.88,2400.0,0.0,22338.601074000002,1.6464538577654673,1703.054303402305,183812.53537740232,48.558157604434484
2024-12-25,0.0,0.425630146,Wed,1.0,1.0,157370.88,2400.0,0.0,22273.101986399997,1.4171159681945453,1464.0197687184714,183508.0017551185,48.47770829450931
2024-12-26,0.508,0.424556595,Thu,1.0,1.0,157370.88,2400.0,558.8,22199.671098,1.7277230173443638,1782.4362228930054,184311.787320893,48.690046077146995
2024-12-27,14.986,0.423364191,Fri,1.0,1.2,157370.88,2880.0,16484.600000000002,22118.110664400003,16.473064982081464,16968.6381093267,215822.22877372673,57.014227989498295
2024-12-28,0.0,0.422050045,Sat,0.95,0.25,149502.336,600.0,0.0,22028.223078,14.178498426245818,14580.370714201861,186710.92979220187,49.32383276638512
2024-12-29,0.0,0.420611265,Sun,0.95,0.25,149502.336,600.0,0.0,21929.810526,12.203546689199904,12526.274646964104,184558.4211729641,48.75519987873549
2024-12-30,17.5,0.419044961,Mon,1.0,1.0,157370.88,2400.0,19250.0,21822.675332400002,28.003689976069964,28686.609167081606,229530.16449948162,60.63548321040036
2024-12-31,1.8,0.417348243,Tue,1.0,1.0,157370.88,2400.0,1980.0,21706.619821199998,25.902999331737856,26477.164690489903,209934.66451168992,55.45889732200473
